# relative_time, cycles_done, cur_item, corpus_count, pending_total, pending_favs, map_size, saved_crashes, saved_hangs, max_depth, execs_per_sec, total_execs, edges_found
61, 0, 113, 174, 172, 53, 19.31%, 6, 0, 3, 161.16, 9929, 364
66, 0, 113, 176, 174, 53, 19.36%, 6, 0, 3, 166.00, 10777, 365
71, 0, 113, 177, 175, 53, 19.42%, 6, 0, 3, 167.28, 11636, 366
71, 0, 113, 177, 175, 53, 19.42%, 6, 0, 3, 0.00, 11678, 366
76, 0, 113, 179, 177, 53, 19.42%, 8, 0, 3, 161.43, 12483, 366
81, 0, 113, 179, 177, 53, 19.42%, 8, 0, 3, 166.06, 13338, 366
86, 0, 113, 180, 178, 53, 19.42%, 10, 0, 3, 167.93, 14091, 366
91, 0, 113, 183, 181, 53, 19.52%, 10, 0, 3, 168.35, 14946, 368
96, 0, 113, 188, 186, 53, 19.52%, 10, 0, 3, 169.16, 15815, 368
102, 0, 113, 190, 188, 53, 19.58%, 10, 0, 3, 167.20, 16666, 369
107, 0, 113, 193, 191, 53, 19.63%, 12, 0, 3, 164.31, 17613, 370
112, 0, 113, 196, 194, 53, 19.63%, 12, 0, 3, 167.57, 18474, 370
117, 0, 113, 198, 196, 53, 19.63%, 12, 0, 3, 167.95, 19328, 370
122, 0, 195, 204, 199, 62, 19.73%, 12, 0, 4, 168.61, 20190, 372
127, 0, 195, 210, 205, 62, 19.89%, 12, 0, 4, 169.31, 21051, 375
132, 0, 195, 211, 206, 62, 19.89%, 13, 0, 4, 168.72, 21872, 375
137, 0, 195, 212, 207, 62, 19.95%, 14, 0, 4, 169.89, 22801, 376
142, 0, 195, 214, 209, 62, 19.95%, 14, 0, 4, 170.01, 23664, 376
147, 0, 195, 215, 210, 62, 19.95%, 15, 0, 4, 169.63, 24488, 376
152, 0, 195, 217, 212, 62, 19.95%, 15, 0, 4, 170.67, 25351, 376
157, 0, 195, 217, 212, 62, 19.95%, 15, 0, 4, 169.42, 26203, 376
162, 0, 195, 219, 214, 62, 19.95%, 15, 0, 4, 170.31, 27060, 376
168, 0, 195, 221, 216, 62, 20.00%, 15, 0, 4, 170.93, 28055, 377
173, 0, 195, 223, 218, 62, 20.00%, 15, 0, 4, 171.15, 28915, 377
178, 0, 195, 224, 219, 62, 20.00%, 15, 0, 4, 171.19, 29783, 377
183, 0, 195, 224, 219, 62, 20.00%, 16, 0, 4, 162.54, 30582, 377
188, 0, 195, 226, 221, 62, 20.00%, 16, 0, 4, 167.73, 31442, 377
193, 0, 195, 228, 223, 62, 20.11%, 16, 0, 4, 165.11, 32272, 379
198, 0, 195, 230, 225, 62, 20.11%, 16, 0, 4, 165.53, 33235, 379
203, 0, 221, 239, 232, 64, 20.16%, 19, 0, 5, 154.09, 34023, 380
208, 0, 221, 244, 237, 64, 20.21%, 19, 0, 5, 164.69, 34859, 381
213, 0, 221, 251, 244, 64, 20.27%, 20, 0, 5, 165.56, 35662, 382
218, 0, 221, 252, 245, 64, 20.27%, 20, 0, 5, 170.51, 36539, 382
224, 0, 221, 254, 247, 64, 20.27%, 21, 0, 5, 173.15, 37376, 382
229, 0, 221, 254, 247, 64, 20.27%, 21, 0, 5, 172.69, 38255, 382
229, 0, 221, 254, 247, 64, 20.27%, 21, 0, 5, 0.00, 38351, 382
234, 0, 221, 257, 250, 64, 20.27%, 23, 0, 5, 157.58, 39124, 382
239, 0, 221, 260, 253, 64, 20.37%, 24, 0, 5, 165.50, 39950, 384
244, 0, 221, 261, 254, 64, 20.42%, 24, 0, 5, 167.42, 40821, 385
249, 0, 221, 263, 256, 64, 20.48%, 25, 0, 5, 166.79, 41640, 386
254, 0, 221, 265, 258, 64, 20.48%, 26, 0, 5, 164.21, 42453, 386
259, 0, 221, 267, 260, 64, 20.48%, 26, 0, 5, 169.88, 43346, 386
264, 0, 221, 270, 263, 64, 20.48%, 27, 0, 5, 170.10, 44262, 386
269, 0, 221, 271, 264, 64, 20.53%, 27, 0, 5, 172.29, 45151, 387
275, 0, 221, 273, 266, 64, 20.53%, 28, 0, 5, 167.33, 45970, 387
280, 0, 187, 275, 267, 69, 20.53%, 28, 0, 5, 169.40, 46858, 387
285, 0, 239, 282, 272, 67, 20.58%, 28, 0, 6, 169.20, 47714, 388
290, 0, 239, 282, 272, 67, 20.58%, 29, 0, 6, 166.77, 48549, 388
295, 0, 239, 284, 274, 67, 20.90%, 29, 0, 6, 171.97, 49562, 394
300, 0, 239, 286, 276, 67, 20.90%, 29, 0, 6, 170.72, 50446, 394
306, 0, 239, 289, 279, 67, 20.90%, 29, 0, 6, 172.31, 51331, 394
311, 0, 239, 290, 280, 67, 20.90%, 29, 0, 6, 166.18, 52151, 394
316, 0, 239, 290, 280, 67, 20.90%, 29, 0, 6, 173.34, 53051, 394
321, 0, 239, 291, 281, 67, 20.90%, 29, 0, 6, 170.21, 53925, 394
326, 0, 239, 292, 282, 67, 20.90%, 30, 0, 6, 171.89, 54896, 394
331, 0, 239, 292, 282, 67, 20.90%, 30, 0, 6, 170.36, 55772, 394
336, 0, 239, 293, 283, 67, 20.90%, 30, 0, 6, 168.92, 56619, 394
341, 0, 239, 293, 283, 67, 20.90%, 30, 0, 6, 167.25, 57447, 394
346, 0, 239, 293, 283, 67, 20.90%, 31, 0, 6, 166.98, 58297, 394
352, 0, 239, 294, 284, 67, 20.90%, 31, 0, 6, 167.48, 59168, 394
357, 0, 239, 295, 285, 67, 20.95%, 33, 0, 6, 166.46, 60062, 395
362, 0, 247, 296, 284, 68, 20.95%, 33, 0, 6, 171.47, 60956, 395
367, 0, 271, 302, 289, 68, 21.11%, 33, 0, 6, 170.10, 61803, 398
372, 0, 271, 304, 291, 68, 21.11%, 33, 0, 6, 167.88, 62657, 398
377, 0, 271, 306, 293, 68, 21.11%, 33, 0, 6, 167.07, 63514, 398
382, 0, 271, 306, 293, 68, 21.11%, 34, 0, 6, 169.60, 64361, 398
387, 0, 271, 307, 294, 68, 21.11%, 34, 0, 6, 174.75, 65304, 398
393, 0, 271, 309, 296, 68, 21.11%, 34, 0, 6, 170.57, 66164, 398
398, 0, 271, 309, 296, 68, 21.11%, 34, 0, 6, 172.80, 67049, 398
403, 0, 271, 309, 296, 68, 21.11%, 34, 0, 6, 171.40, 67916, 398
408, 0, 271, 310, 297, 68, 21.11%, 34, 0, 6, 170.62, 68769, 398
413, 0, 271, 311, 298, 68, 21.22%, 34, 0, 6, 170.49, 69634, 400
418, 0, 271, 312, 299, 68, 21.27%, 34, 0, 6, 168.23, 70490, 401
418, 0, 271, 312, 299, 68, 21.27%, 34, 0, 6, 0.00, 70535, 401
423, 0, 271, 312, 299, 68, 21.27%, 34, 0, 6, 172.78, 71420, 401
428, 0, 271, 312, 299, 68, 21.27%, 35, 0, 6, 170.72, 72246, 401
433, 0, 271, 314, 301, 68, 21.27%, 35, 0, 6, 173.80, 73133, 401
438, 0, 271, 315, 302, 68, 21.27%, 35, 0, 6, 169.27, 73995, 401
443, 0, 271, 315, 302, 68, 21.27%, 35, 0, 6, 165.60, 74831, 401
448, 0, 270, 316, 301, 69, 21.27%, 42, 0, 6, 34.26, 75133, 401
453, 0, 270, 316, 301, 69, 21.27%, 44, 0, 6, 45.21, 75489, 401
458, 0, 283, 316, 299, 67, 21.27%, 44, 0, 6, 120.95, 76081, 401
464, 0, 291, 318, 300, 66, 21.27%, 44, 0, 7, 154.52, 76926, 401
469, 0, 111, 318, 298, 64, 21.27%, 44, 0, 7, 162.46, 77764, 401
474, 0, 189, 324, 303, 63, 21.27%, 44, 0, 7, 160.94, 78564, 401
479, 0, 226, 328, 305, 62, 21.27%, 44, 0, 7, 167.23, 79409, 401
484, 0, 226, 328, 305, 62, 21.27%, 44, 0, 7, 172.61, 80408, 401
489, 0, 226, 328, 305, 62, 21.27%, 44, 0, 7, 168.23, 81272, 401
494, 0, 226, 328, 305, 62, 21.27%, 45, 0, 7, 166.21, 82081, 401
499, 0, 223, 330, 305, 60, 21.27%, 45, 0, 7, 172.23, 82993, 401
504, 0, 88, 331, 304, 58, 21.27%, 45, 0, 7, 167.74, 83832, 401
510, 0, 225, 337, 309, 56, 21.27%, 46, 0, 7, 137.50, 84554, 401
515, 0, 160, 337, 307, 55, 21.27%, 47, 0, 7, 136.30, 85292, 401
520, 0, 292, 337, 306, 55, 21.27%, 48, 0, 7, 152.11, 86055, 401
525, 0, 257, 339, 306, 54, 21.33%, 48, 0, 7, 167.56, 86915, 402
530, 0, 257, 341, 308, 54, 21.38%, 48, 0, 7, 167.18, 87786, 403
535, 0, 31, 342, 307, 52, 21.38%, 48, 0, 7, 162.84, 88618, 403
540, 0, 31, 344, 309, 52, 21.43%, 48, 0, 7, 158.87, 89426, 404
545, 0, 144, 344, 308, 51, 21.43%, 51, 0, 7, 53.14, 89997, 404
551, 0, 316, 347, 310, 50, 21.43%, 54, 0, 8, 99.51, 90464, 404
556, 0, 316, 349, 312, 50, 21.43%, 54, 0, 8, 157.04, 91353, 404
561, 0, 316, 349, 312, 50, 21.43%, 54, 0, 8, 168.87, 92217, 404
566, 0, 316, 350, 313, 50, 21.43%, 54, 0, 8, 169.32, 93070, 404
571, 0, 316, 350, 313, 50, 21.43%, 54, 0, 8, 167.36, 93910, 404
576, 0, 316, 350, 313, 50, 21.43%, 54, 0, 8, 169.05, 94762, 404
575, 0, 316, 350, 313, 50, 21.43%, 54, 0, 8, 0.00, 94774, 404
580, 0, 316, 350, 313, 50, 21.43%, 54, 0, 8, 168.30, 95614, 404
585, 0, 316, 351, 314, 50, 21.43%, 54, 0, 8, 170.50, 96497, 404
591, 0, 316, 351, 314, 50, 21.43%, 54, 0, 8, 166.95, 97367, 404
596, 0, 316, 351, 314, 50, 21.43%, 54, 0, 8, 165.29, 98222, 404
601, 0, 316, 351, 314, 50, 21.43%, 54, 0, 8, 166.60, 99074, 404
606, 0, 316, 351, 314, 50, 21.43%, 54, 0, 8, 167.24, 99929, 404
611, 0, 316, 351, 314, 50, 21.43%, 54, 0, 8, 167.62, 100943, 404
616, 0, 316, 351, 314, 50, 21.43%, 54, 0, 8, 168.94, 101795, 404
621, 0, 316, 351, 314, 50, 21.43%, 54, 0, 8, 168.49, 102647, 404
626, 0, 352, 353, 315, 49, 21.43%, 54, 0, 8, 165.42, 103483, 404
631, 0, 268, 353, 313, 47, 21.43%, 54, 0, 8, 161.63, 104310, 404
636, 0, 346, 354, 313, 46, 21.43%, 54, 0, 9, 165.61, 105144, 404
641, 0, 176, 355, 313, 45, 21.43%, 54, 0, 9, 163.13, 106110, 404
647, 0, 171, 358, 314, 43, 21.43%, 54, 0, 9, 165.48, 106973, 404
652, 0, 312, 361, 315, 41, 21.49%, 55, 0, 9, 168.25, 107774, 405
657, 0, 312, 363, 317, 41, 21.54%, 56, 0, 9, 160.71, 108596, 406
662, 0, 312, 364, 318, 41, 21.64%, 56, 0, 9, 163.73, 109431, 408
667, 0, 312, 364, 318, 41, 21.64%, 56, 0, 9, 158.69, 110235, 408
672, 0, 312, 364, 318, 41, 21.64%, 57, 0, 9, 181.28, 111208, 408
678, 0, 312, 364, 318, 41, 21.64%, 57, 0, 9, 177.02, 112099, 408
683, 0, 312, 365, 319, 41, 21.64%, 57, 0, 9, 162.75, 112910, 408
688, 0, 312, 365, 319, 41, 21.64%, 57, 0, 9, 163.78, 113741, 408
693, 0, 312, 365, 319, 41, 21.64%, 57, 0, 9, 169.01, 114599, 408
698, 0, 312, 365, 319, 41, 21.64%, 57, 0, 9, 165.11, 115427, 408
703, 0, 312, 366, 320, 41, 21.70%, 57, 0, 9, 168.80, 116376, 409
708, 0, 312, 366, 320, 41, 21.70%, 57, 0, 9, 165.03, 117201, 409
713, 0, 312, 366, 320, 41, 21.70%, 57, 0, 9, 167.46, 118053, 409
718, 0, 312, 367, 321, 41, 21.70%, 58, 0, 9, 156.69, 118808, 409
723, 0, 312, 367, 321, 41, 21.70%, 58, 0, 9, 162.51, 119645, 409
728, 0, 312, 368, 322, 41, 21.75%, 58, 0, 9, 165.78, 120497, 410
734, 0, 360, 370, 320, 41, 21.86%, 59, 0, 9, 155.75, 121403, 412
739, 0, 63, 373, 319, 39, 21.86%, 59, 0, 9, 164.74, 122240, 412
744, 0, 198, 373, 317, 37, 21.86%, 60, 0, 9, 164.21, 123052, 412
749, 0, 161, 373, 314, 34, 21.86%, 60, 0, 9, 166.41, 123918, 412
754, 0, 255, 375, 315, 33, 21.86%, 60, 0, 9, 162.74, 124732, 412
759, 0, 333, 375, 313, 31, 21.86%, 60, 0, 9, 157.81, 125545, 412
764, 0, 262, 377, 314, 30, 22.02%, 62, 0, 9, 149.42, 126320, 415
764, 0, 262, 377, 314, 30, 22.02%, 62, 0, 9, 0.00, 126370, 415
769, 0, 241, 378, 313, 30, 22.02%, 62, 0, 9, 159.24, 127239, 415
774, 0, 376, 378, 312, 28, 22.02%, 62, 0, 9, 161.61, 128064, 415
779, 0, 366, 381, 312, 26, 22.07%, 62, 0, 9, 161.31, 128867, 416
784, 0, 369, 384, 314, 25, 22.12%, 62, 0, 9, 172.89, 129732, 417
789, 0, 369, 385, 315, 25, 22.12%, 62, 0, 9, 170.79, 130591, 417
794, 0, 15, 385, 311, 23, 22.12%, 62, 0, 9, 168.63, 131449, 417
799, 0, 48, 386, 311, 22, 22.12%, 62, 0, 9, 158.45, 132375, 417
804, 0, 370, 386, 309, 20, 22.12%, 62, 0, 9, 167.93, 133240, 417
809, 0, 377, 387, 309, 19, 22.12%, 63, 0, 9, 162.84, 134052, 417
814, 0, 76, 388, 309, 19, 22.12%, 63, 0, 9, 164.63, 134871, 417
819, 0, 275, 388, 307, 17, 22.12%, 63, 0, 9, 170.80, 135742, 417
825, 0, 280, 390, 308, 16, 22.12%, 63, 0, 9, 171.73, 136625, 417
830, 0, 307, 390, 306, 14, 22.12%, 63, 0, 9, 171.32, 137614, 417
835, 0, 134, 390, 304, 12, 22.12%, 63, 0, 9, 166.89, 138475, 417
840, 0, 380, 392, 305, 11, 22.12%, 63, 0, 9, 158.94, 139281, 417
845, 0, 339, 392, 304, 11, 22.12%, 63, 0, 9, 157.93, 140080, 417
850, 0, 337, 394, 305, 10, 22.12%, 63, 0, 9, 168.19, 140912, 417
855, 0, 343, 394, 303, 8, 22.12%, 63, 0, 9, 162.87, 141727, 417
860, 0, 294, 394, 302, 7, 22.12%, 63, 0, 9, 170.66, 142707, 417
866, 0, 355, 397, 304, 6, 22.12%, 63, 0, 9, 168.79, 143578, 417
871, 0, 172, 397, 302, 4, 22.12%, 63, 0, 9, 167.04, 144451, 417
876, 0, 387, 400, 304, 3, 22.12%, 63, 0, 9, 155.12, 145231, 417
881, 0, 387, 404, 308, 3, 22.12%, 63, 0, 9, 155.05, 146015, 417
886, 0, 387, 404, 308, 3, 22.12%, 64, 0, 9, 150.07, 146775, 417
891, 0, 387, 404, 308, 3, 22.12%, 64, 0, 9, 148.74, 147636, 417
896, 0, 387, 404, 308, 3, 22.12%, 64, 0, 9, 159.79, 148467, 417
901, 0, 387, 405, 309, 3, 22.12%, 65, 0, 9, 152.68, 149207, 417
907, 0, 387, 405, 309, 3, 22.12%, 65, 0, 9, 154.90, 149990, 417
912, 0, 387, 405, 309, 3, 22.12%, 65, 0, 9, 158.15, 150794, 417
917, 0, 387, 405, 309, 3, 22.12%, 66, 0, 9, 143.16, 151517, 417
922, 0, 387, 406, 310, 3, 22.12%, 66, 0, 9, 173.94, 152446, 417
927, 0, 387, 406, 310, 3, 22.12%, 66, 0, 9, 158.03, 153232, 417
932, 0, 387, 407, 311, 3, 22.12%, 67, 0, 9, 138.42, 153930, 417
937, 0, 387, 409, 313, 3, 22.12%, 67, 0, 9, 150.56, 154703, 417
942, 0, 387, 409, 313, 3, 22.12%, 69, 0, 9, 147.04, 155392, 417
948, 0, 387, 409, 313, 3, 22.12%, 69, 0, 9, 154.65, 156187, 417
953, 0, 387, 409, 313, 3, 22.12%, 69, 0, 9, 152.54, 156961, 417
952, 0, 387, 409, 313, 3, 22.12%, 69, 0, 9, 0.00, 157075, 417
957, 0, 387, 410, 314, 3, 22.12%, 69, 0, 9, 167.09, 157899, 417
963, 0, 409, 413, 315, 5, 22.12%, 69, 0, 9, 164.71, 158734, 417
968, 0, 409, 413, 315, 5, 22.12%, 71, 0, 9, 157.28, 159486, 417
973, 0, 409, 413, 315, 5, 22.12%, 71, 0, 9, 164.45, 160332, 417
978, 0, 408, 413, 314, 4, 22.12%, 71, 0, 9, 166.92, 161173, 417
983, 0, 408, 417, 318, 4, 22.12%, 71, 0, 9, 165.10, 161999, 417
988, 0, 394, 419, 319, 3, 22.12%, 71, 0, 9, 158.14, 162981, 417
993, 0, 0, 419, 316, 0, 22.12%, 71, 0, 9, 158.94, 163777, 417
998, 0, 0, 420, 317, 0, 22.12%, 71, 0, 9, 158.58, 164574, 417
1003, 0, 0, 420, 317, 0, 22.12%, 71, 0, 9, 160.45, 165398, 417
1008, 0, 262, 421, 318, 0, 22.12%, 71, 0, 9, 167.41, 166249, 417
1013, 0, 0, 422, 319, 0, 22.12%, 71, 0, 9, 154.37, 166999, 417
1018, 0, 0, 424, 321, 0, 22.18%, 71, 0, 9, 156.46, 167928, 418
1023, 0, 0, 424, 321, 0, 22.18%, 71, 0, 9, 156.43, 168720, 418
1029, 0, 0, 424, 321, 0, 22.18%, 71, 0, 9, 155.94, 169511, 418
1034, 0, 0, 424, 321, 0, 22.18%, 71, 0, 9, 158.76, 170312, 418
1039, 0, 401, 424, 320, 0, 22.18%, 71, 0, 9, 156.68, 171088, 418
1044, 0, 401, 425, 321, 0, 22.18%, 71, 0, 9, 150.30, 171854, 418
1049, 0, 401, 425, 321, 0, 22.18%, 71, 0, 9, 162.40, 172739, 418
1054, 0, 401, 426, 322, 0, 22.18%, 71, 0, 9, 153.98, 173502, 418
1059, 0, 401, 426, 322, 0, 22.18%, 71, 0, 9, 149.89, 174261, 418
1064, 0, 401, 426, 322, 0, 22.18%, 71, 0, 9, 149.84, 175057, 418
1069, 0, 401, 427, 323, 0, 22.18%, 71, 0, 9, 147.82, 175808, 418
1074, 0, 401, 428, 324, 0, 22.18%, 71, 0, 9, 143.22, 176527, 418
1079, 0, 401, 428, 324, 0, 22.18%, 71, 0, 9, 148.03, 177417, 418
1084, 0, 401, 428, 324, 0, 22.18%, 71, 0, 9, 150.67, 178172, 418
1089, 0, 401, 428, 324, 0, 22.18%, 71, 0, 9, 142.65, 178893, 418
1095, 0, 401, 428, 324, 0, 22.18%, 71, 0, 9, 147.79, 179669, 418
1100, 0, 401, 429, 325, 0, 22.18%, 71, 0, 9, 151.35, 180453, 418
1105, 0, 401, 429, 325, 0, 22.18%, 71, 0, 9, 156.51, 181254, 418
1110, 0, 401, 429, 325, 0, 22.18%, 71, 0, 9, 146.84, 181996, 418
1110, 0, 401, 429, 325, 0, 22.18%, 71, 0, 9, 0.00, 182068, 418
1115, 0, 401, 429, 325, 0, 22.18%, 71, 0, 9, 154.55, 182914, 418
1120, 0, 401, 430, 326, 0, 22.18%, 71, 0, 9, 165.32, 183778, 418
1125, 0, 401, 430, 326, 0, 22.18%, 71, 0, 9, 157.22, 184554, 418
1130, 0, 425, 430, 325, 1, 22.18%, 71, 0, 9, 113.14, 185184, 418
1135, 0, 425, 430, 325, 1, 22.18%, 73, 0, 9, 57.11, 185377, 418
1140, 0, 425, 430, 325, 1, 22.18%, 73, 0, 9, 62.10, 185693, 418
1145, 0, 352, 432, 326, 0, 22.18%, 73, 0, 10, 130.77, 186348, 418
1151, 0, 352, 432, 326, 0, 22.18%, 73, 0, 10, 155.51, 187197, 418
1156, 0, 352, 432, 326, 0, 22.18%, 73, 0, 10, 158.68, 187992, 418
1161, 0, 352, 432, 326, 0, 22.18%, 73, 0, 10, 160.54, 188835, 418
1166, 0, 352, 433, 327, 0, 22.18%, 73, 0, 10, 162.35, 189672, 418
1171, 0, 352, 436, 330, 0, 22.18%, 73, 0, 10, 165.57, 190510, 418
1176, 0, 352, 436, 330, 0, 22.18%, 74, 0, 10, 155.62, 191417, 418
1181, 0, 352, 437, 331, 0, 22.18%, 74, 0, 10, 160.63, 192269, 418
1186, 0, 270, 437, 330, 0, 22.18%, 74, 0, 10, 162.03, 193092, 418
1191, 0, 270, 438, 331, 0, 22.23%, 76, 0, 10, 41.66, 193352, 419
1196, 0, 270, 438, 331, 0, 22.23%, 77, 0, 10, 47.55, 193610, 419
1202, 0, 270, 438, 331, 0, 22.23%, 77, 0, 10, 52.21, 193883, 419
1207, 0, 270, 438, 331, 0, 22.23%, 77, 0, 10, 43.88, 194189, 419
1212, 0, 270, 438, 331, 0, 22.23%, 78, 0, 10, 56.43, 194485, 419
1217, 0, 270, 438, 331, 0, 22.23%, 79, 0, 10, 43.50, 194739, 419
1222, 0, 270, 438, 331, 0, 22.23%, 81, 0, 10, 48.17, 194875, 419
1227, 0, 270, 438, 331, 0, 22.23%, 81, 0, 10, 82.05, 195334, 419
1232, 0, 270, 438, 331, 0, 22.23%, 81, 0, 10, 41.17, 195501, 419
1238, 0, 415, 438, 330, 0, 22.23%, 82, 0, 10, 142.68, 196120, 419
1243, 0, 415, 442, 334, 0, 22.23%, 82, 0, 10, 159.58, 196956, 419
1248, 0, 415, 442, 334, 0, 22.23%, 82, 0, 10, 160.45, 197793, 419
1253, 0, 415, 442, 334, 0, 22.23%, 82, 0, 10, 160.13, 198624, 419
1258, 0, 415, 442, 334, 0, 22.23%, 82, 0, 10, 162.51, 199458, 419
1263, 0, 415, 442, 334, 0, 22.23%, 82, 0, 10, 164.84, 200304, 419
1268, 0, 415, 442, 334, 0, 22.23%, 82, 0, 10, 164.73, 201300, 419
1273, 0, 415, 442, 334, 0, 22.23%, 82, 0, 10, 164.91, 202143, 419
1279, 0, 415, 445, 337, 0, 22.23%, 82, 0, 10, 163.81, 202980, 419
1284, 0, 415, 445, 337, 0, 22.23%, 82, 0, 10, 162.16, 203815, 419
1289, 0, 389, 445, 336, 0, 22.23%, 82, 0, 10, 163.94, 204648, 419
1294, 0, 389, 445, 336, 0, 22.23%, 82, 0, 10, 167.45, 205513, 419
1299, 0, 389, 446, 337, 0, 22.23%, 83, 0, 10, 160.18, 206469, 419
1304, 0, 425, 447, 338, 0, 22.23%, 84, 0, 10, 127.80, 207106, 419
1309, 0, 425, 447, 338, 0, 22.23%, 85, 0, 10, 69.73, 207373, 419
1315, 0, 425, 447, 338, 0, 22.23%, 85, 0, 10, 64.67, 207683, 419
1320, 0, 425, 447, 338, 0, 22.23%, 85, 0, 10, 53.62, 207935, 419
1325, 0, 425, 448, 339, 0, 22.23%, 85, 0, 10, 57.58, 208239, 419
1330, 0, 425, 448, 339, 0, 22.23%, 85, 0, 10, 55.73, 208511, 419
1329, 0, 425, 448, 339, 0, 22.23%, 85, 0, 10, 0.00, 208534, 419
1335, 0, 425, 448, 339, 0, 22.23%, 85, 0, 10, 52.12, 208808, 419
1340, 0, 425, 448, 339, 0, 22.23%, 85, 0, 10, 52.54, 209085, 419
1345, 0, 425, 448, 339, 0, 22.23%, 85, 0, 10, 55.34, 209375, 419
1350, 0, 425, 448, 339, 0, 22.23%, 85, 0, 10, 55.13, 209659, 419
1355, 0, 425, 448, 339, 0, 22.23%, 85, 0, 10, 54.78, 209946, 419
1360, 0, 425, 448, 339, 0, 22.23%, 86, 0, 10, 51.53, 210220, 419
1366, 0, 425, 448, 339, 0, 22.23%, 86, 0, 10, 57.67, 210555, 419
1371, 0, 425, 448, 339, 0, 22.23%, 86, 0, 10, 55.82, 210826, 419
1376, 0, 425, 448, 339, 0, 22.23%, 86, 0, 10, 53.21, 211086, 419
1381, 0, 425, 448, 339, 0, 22.23%, 86, 0, 10, 43.67, 211337, 419
1386, 0, 425, 448, 339, 0, 22.23%, 86, 0, 10, 68.75, 211679, 419
1391, 0, 425, 448, 339, 0, 22.23%, 87, 0, 10, 39.07, 211850, 419
1396, 0, 425, 448, 339, 0, 22.23%, 87, 0, 10, 24.27, 211997, 419
1401, 0, 425, 448, 339, 0, 22.23%, 87, 0, 10, 80.31, 212388, 419
1406, 0, 425, 448, 339, 0, 22.23%, 87, 0, 10, 50.77, 212632, 419
1411, 0, 425, 448, 339, 0, 22.23%, 87, 0, 10, 49.53, 212866, 419
1416, 0, 352, 448, 339, 0, 22.23%, 87, 0, 10, 124.58, 213524, 419
1422, 0, 329, 448, 339, 0, 22.23%, 87, 0, 10, 164.88, 214414, 419
1427, 0, 361, 448, 339, 0, 22.23%, 87, 0, 10, 173.59, 215324, 419
1432, 0, 422, 448, 339, 0, 22.23%, 87, 0, 10, 170.16, 216182, 419
1437, 0, 422, 448, 339, 0, 22.23%, 88, 0, 10, 160.77, 216987, 419
1442, 0, 270, 448, 339, 0, 22.23%, 88, 0, 10, 46.00, 217381, 419
1447, 0, 270, 448, 339, 0, 22.23%, 88, 0, 10, 49.59, 217630, 419
1452, 0, 278, 448, 339, 0, 22.23%, 89, 0, 10, 57.18, 217872, 419
1457, 0, 12, 448, 339, 0, 22.23%, 89, 0, 10, 143.61, 218717, 419
1463, 0, 12, 448, 339, 0, 22.23%, 89, 0, 10, 162.45, 219588, 419
1468, 0, 363, 448, 339, 0, 22.23%, 89, 0, 10, 162.33, 220413, 419
1473, 0, 365, 448, 339, 0, 22.23%, 89, 0, 10, 173.01, 221397, 419
1478, 0, 262, 448, 339, 0, 22.23%, 89, 0, 10, 168.57, 222270, 419
1483, 0, 422, 449, 340, 0, 22.23%, 89, 0, 10, 167.86, 223136, 419
1488, 0, 422, 449, 340, 0, 22.23%, 89, 0, 10, 167.35, 223973, 419
1493, 0, 270, 449, 339, 0, 22.23%, 89, 0, 10, 153.09, 224756, 419
1498, 0, 270, 449, 339, 0, 22.23%, 89, 0, 10, 79.06, 225069, 419
1504, 0, 437, 449, 339, 0, 22.23%, 89, 0, 10, 46.47, 225448, 419
1509, 0, 437, 449, 339, 0, 22.23%, 89, 0, 10, 57.37, 225759, 419
1514, 0, 437, 449, 339, 0, 22.23%, 89, 0, 10, 59.06, 226053, 419
1519, 0, 437, 449, 339, 0, 22.23%, 89, 0, 10, 77.01, 226414, 419
1524, 0, 437, 449, 339, 0, 22.23%, 89, 0, 10, 55.43, 226657, 419
1529, 0, 437, 449, 339, 0, 22.23%, 89, 0, 10, 35.83, 226811, 419
1534, 0, 437, 449, 339, 0, 22.23%, 89, 0, 10, 125.93, 227296, 419
1539, 0, 437, 449, 339, 0, 22.23%, 89, 0, 10, 24.99, 227647, 419
1544, 0, 437, 449, 339, 0, 22.23%, 89, 0, 10, 24.53, 227966, 419
1549, 0, 437, 449, 339, 0, 22.23%, 89, 0, 10, 50.52, 228221, 419
1555, 0, 437, 449, 339, 0, 22.23%, 89, 0, 10, 57.14, 228526, 419
1560, 0, 437, 449, 339, 0, 22.23%, 89, 0, 10, 60.28, 228831, 419
1565, 0, 437, 449, 339, 0, 22.23%, 89, 0, 10, 50.99, 229115, 419
1564, 0, 437, 449, 339, 0, 22.23%, 89, 0, 10, 0.00, 229121, 419
1569, 0, 437, 449, 339, 0, 22.23%, 89, 0, 10, 102.26, 229449, 419
1574, 0, 437, 449, 339, 0, 22.23%, 89, 0, 10, 52.46, 229678, 419
1579, 0, 437, 449, 339, 0, 22.23%, 89, 0, 10, 30.90, 229805, 419
1584, 0, 437, 449, 339, 0, 22.23%, 89, 0, 10, 26.77, 229935, 419
1590, 0, 437, 449, 339, 0, 22.23%, 89, 0, 10, 25.20, 230167, 419
1595, 0, 437, 449, 339, 0, 22.23%, 89, 0, 10, 147.06, 230331, 419
1600, 0, 437, 449, 339, 0, 22.23%, 89, 0, 10, 27.50, 230579, 419
1605, 0, 375, 450, 340, 0, 22.23%, 89, 0, 10, 172.48, 231077, 419
1610, 0, 333, 450, 340, 0, 22.23%, 89, 0, 10, 169.86, 231942, 419
1615, 0, 333, 450, 340, 0, 22.23%, 89, 0, 10, 145.86, 232614, 419
1620, 0, 144, 450, 340, 0, 22.23%, 89, 0, 10, 88.72, 233044, 419
1625, 0, 188, 451, 341, 0, 22.23%, 89, 0, 10, 124.31, 233621, 419
1630, 0, 188, 451, 341, 0, 22.23%, 89, 0, 10, 165.67, 234604, 419
1635, 0, 227, 452, 342, 0, 22.23%, 89, 0, 10, 167.17, 235448, 419
1640, 0, 227, 452, 342, 0, 22.23%, 89, 0, 10, 170.44, 236303, 419
1645, 0, 307, 452, 342, 0, 22.23%, 89, 0, 10, 169.24, 237140, 419
1650, 0, 329, 452, 342, 0, 22.23%, 89, 0, 10, 171.12, 237992, 419
1656, 0, 270, 452, 342, 0, 22.23%, 89, 0, 10, 90.92, 238381, 419
1661, 0, 270, 452, 342, 0, 22.23%, 89, 0, 10, 32.26, 238603, 419
1666, 0, 437, 453, 343, 0, 22.23%, 89, 0, 10, 52.04, 238891, 419
1671, 0, 437, 453, 343, 0, 22.23%, 89, 0, 10, 67.51, 239258, 419
1676, 0, 270, 453, 343, 0, 22.23%, 89, 0, 10, 54.75, 239515, 419
1681, 0, 270, 453, 343, 0, 22.23%, 89, 0, 10, 56.53, 239789, 419
1686, 0, 292, 454, 344, 0, 22.23%, 89, 0, 10, 74.25, 240149, 419
1691, 0, 292, 455, 345, 0, 22.23%, 89, 0, 10, 151.87, 241175, 419
1696, 0, 292, 455, 345, 0, 22.23%, 89, 0, 10, 164.58, 242045, 419
1701, 0, 352, 455, 344, 0, 22.23%, 89, 0, 10, 167.99, 242893, 419
1707, 0, 352, 455, 344, 0, 22.23%, 89, 0, 10, 167.90, 243771, 419
1712, 0, 257, 455, 344, 0, 22.23%, 89, 0, 10, 169.18, 244652, 419
1717, 0, 179, 455, 344, 0, 22.23%, 89, 0, 10, 150.45, 245414, 419
1722, 0, 424, 457, 346, 0, 22.23%, 89, 0, 10, 163.70, 246254, 419
1721, 0, 424, 457, 346, 0, 22.23%, 89, 0, 10, 0.00, 246281, 419
1726, 0, 424, 458, 347, 0, 22.23%, 89, 0, 10, 161.80, 247146, 419
1731, 0, 424, 458, 347, 0, 22.23%, 89, 0, 10, 167.37, 248001, 419
1737, 0, 424, 458, 347, 0, 22.23%, 89, 0, 10, 163.01, 248814, 419
1742, 0, 424, 458, 347, 0, 22.23%, 89, 0, 10, 168.16, 249669, 419
1747, 0, 424, 458, 347, 0, 22.23%, 89, 0, 10, 167.83, 250518, 419
1752, 0, 424, 459, 348, 0, 22.23%, 89, 0, 10, 164.82, 251353, 419
1757, 0, 424, 459, 348, 0, 22.23%, 89, 0, 10, 171.34, 252352, 419
1762, 0, 424, 459, 348, 0, 22.23%, 89, 0, 10, 167.28, 253192, 419
1767, 0, 424, 459, 348, 0, 22.23%, 89, 0, 10, 167.91, 254041, 419
1772, 0, 424, 459, 348, 0, 22.23%, 89, 0, 10, 168.88, 254887, 419
1777, 0, 424, 459, 348, 0, 22.23%, 89, 0, 10, 165.49, 255721, 419
1782, 0, 424, 459, 348, 0, 22.23%, 89, 0, 10, 166.71, 256573, 419
1787, 0, 424, 459, 348, 0, 22.23%, 89, 0, 10, 171.50, 257587, 419
1792, 0, 424, 459, 348, 0, 22.23%, 89, 0, 10, 162.25, 258414, 419
1797, 0, 424, 459, 348, 0, 22.23%, 89, 0, 10, 167.33, 259256, 419
1802, 0, 255, 459, 348, 0, 22.23%, 89, 0, 10, 161.12, 260059, 419
1807, 0, 255, 459, 348, 0, 22.23%, 89, 0, 10, 164.07, 260870, 419
1812, 0, 255, 462, 351, 0, 22.23%, 89, 0, 10, 164.40, 261708, 419
1818, 0, 408, 463, 352, 0, 22.23%, 89, 0, 10, 167.96, 262675, 419
1823, 0, 408, 464, 353, 0, 22.23%, 89, 0, 10, 162.23, 263465, 419
1828, 0, 412, 465, 353, 1, 22.23%, 89, 0, 10, 163.81, 264300, 419
1833, 0, 412, 466, 354, 1, 22.23%, 90, 0, 10, 173.30, 265109, 419
1838, 0, 464, 467, 353, 1, 22.23%, 90, 0, 10, 169.42, 265979, 419
1843, 0, 464, 467, 353, 1, 22.23%, 90, 0, 10, 164.40, 266787, 419
1848, 0, 369, 468, 353, 0, 22.23%, 90, 0, 10, 177.77, 267789, 419
1853, 0, 161, 468, 353, 0, 22.23%, 90, 0, 10, 166.87, 268629, 419
1858, 0, 408, 468, 353, 0, 22.23%, 90, 0, 10, 159.04, 269434, 419
1863, 0, 76, 469, 354, 0, 22.23%, 90, 0, 10, 164.82, 270273, 419
1869, 0, 76, 469, 354, 0, 22.23%, 90, 0, 10, 159.90, 271105, 419
1874, 0, 262, 469, 354, 0, 22.23%, 90, 0, 10, 153.60, 271855, 419
1879, 0, 31, 469, 354, 0, 22.23%, 90, 0, 10, 160.63, 272678, 419
1878, 0, 31, 469, 354, 0, 22.23%, 90, 0, 10, 0.00, 272743, 419
1883, 0, 387, 469, 354, 0, 22.23%, 90, 0, 10, 164.37, 273553, 419
1888, 0, 303, 469, 354, 0, 22.23%, 90, 0, 10, 164.71, 274397, 419
1893, 0, 303, 469, 354, 0, 22.23%, 90, 0, 10, 169.71, 275247, 419
1898, 0, 303, 469, 354, 0, 22.23%, 90, 0, 10, 165.05, 276102, 419
1904, 0, 352, 469, 354, 0, 22.23%, 90, 0, 10, 170.27, 276984, 419
1909, 0, 108, 469, 354, 0, 22.23%, 90, 0, 10, 165.83, 277818, 419
1914, 0, 448, 469, 353, 0, 22.23%, 90, 0, 10, 161.28, 278822, 419
1919, 0, 117, 469, 353, 0, 22.23%, 90, 0, 10, 162.93, 279668, 419
1924, 0, 117, 469, 353, 0, 22.23%, 90, 0, 10, 163.82, 280512, 419
1929, 0, 268, 469, 353, 0, 22.23%, 90, 0, 10, 162.14, 281324, 419
1934, 0, 268, 470, 354, 0, 22.23%, 90, 0, 10, 162.66, 282146, 419
1939, 0, 464, 470, 354, 0, 22.23%, 90, 0, 10, 161.97, 282953, 419
1945, 0, 464, 470, 354, 0, 22.23%, 90, 0, 10, 147.41, 283927, 419
1950, 0, 464, 470, 354, 0, 22.23%, 90, 0, 10, 165.13, 284780, 419
1955, 0, 379, 470, 354, 0, 22.23%, 90, 0, 10, 165.62, 285626, 419
1960, 0, 379, 470, 354, 0, 22.23%, 90, 0, 10, 122.83, 286222, 419
1965, 0, 379, 470, 354, 0, 22.23%, 90, 0, 10, 156.65, 287065, 419
1970, 0, 464, 471, 355, 0, 22.23%, 90, 0, 11, 164.51, 287919, 419
1975, 0, 464, 471, 355, 0, 22.23%, 90, 0, 11, 164.91, 288897, 419
1980, 0, 464, 471, 355, 0, 22.23%, 90, 0, 11, 167.83, 289749, 419
1985, 0, 464, 471, 355, 0, 22.23%, 90, 0, 11, 165.80, 290610, 419
1991, 0, 464, 471, 355, 0, 22.23%, 90, 0, 11, 168.81, 291492, 419
1996, 0, 465, 471, 355, 0, 22.23%, 90, 0, 11, 169.01, 292338, 419
2001, 0, 465, 471, 355, 0, 22.23%, 90, 0, 11, 169.35, 293202, 419
2006, 0, 465, 471, 355, 0, 22.23%, 90, 0, 11, 171.42, 294224, 419
2011, 0, 465, 471, 355, 0, 22.23%, 90, 0, 11, 171.87, 295087, 419
2016, 0, 227, 471, 355, 0, 22.23%, 90, 0, 11, 170.17, 295932, 419
2021, 0, 352, 471, 355, 0, 22.23%, 90, 0, 11, 166.88, 296773, 419
2026, 0, 76, 471, 355, 0, 22.23%, 90, 0, 11, 168.93, 297628, 419
2031, 0, 437, 471, 355, 0, 22.23%, 90, 0, 11, 127.90, 298282, 419
2036, 0, 437, 471, 355, 0, 22.23%, 90, 0, 11, 72.23, 298631, 419
2042, 0, 141, 471, 355, 0, 22.23%, 90, 0, 11, 129.28, 299320, 419
2047, 0, 260, 471, 354, 0, 22.23%, 90, 0, 11, 158.28, 300147, 419
2052, 0, 260, 474, 357, 0, 22.23%, 90, 0, 11, 167.52, 301008, 419
2057, 0, 260, 474, 357, 0, 22.23%, 90, 0, 11, 169.11, 301890, 419
2062, 0, 260, 474, 357, 0, 22.23%, 90, 0, 11, 169.66, 302766, 419
2067, 0, 260, 474, 357, 0, 22.23%, 90, 0, 11, 172.27, 303660, 419
2066, 0, 260, 474, 357, 0, 22.23%, 90, 0, 11, 0.00, 303681, 419
2071, 0, 260, 475, 358, 0, 22.23%, 90, 0, 11, 167.16, 304519, 419
2077, 0, 257, 475, 358, 0, 22.23%, 90, 0, 11, 163.46, 305379, 419
2082, 0, 463, 475, 358, 0, 22.23%, 90, 0, 11, 162.19, 306194, 419
2087, 0, 463, 475, 358, 0, 22.23%, 90, 0, 11, 166.28, 307053, 419
2092, 0, 463, 475, 358, 0, 22.23%, 90, 0, 11, 167.54, 307891, 419
2097, 0, 463, 475, 358, 0, 22.23%, 90, 0, 11, 164.74, 308718, 419
2102, 0, 39, 475, 358, 0, 22.23%, 90, 0, 11, 156.61, 309704, 419
2107, 0, 360, 475, 357, 0, 22.23%, 90, 0, 11, 158.52, 310519, 419
2112, 0, 360, 475, 357, 0, 22.23%, 90, 0, 11, 166.56, 311388, 419
2117, 0, 437, 475, 356, 0, 22.23%, 90, 0, 11, 140.35, 312134, 419
2122, 0, 437, 475, 356, 0, 22.23%, 90, 0, 11, 75.62, 312446, 419
2128, 0, 437, 475, 356, 0, 22.23%, 90, 0, 11, 48.87, 312636, 419
2133, 0, 401, 475, 356, 0, 22.23%, 90, 0, 11, 105.37, 313160, 419
2138, 0, 352, 475, 356, 0, 22.23%, 90, 0, 11, 155.08, 314007, 419
2143, 0, 401, 475, 356, 0, 22.23%, 90, 0, 11, 165.82, 314871, 419
2148, 0, 401, 475, 356, 0, 22.23%, 90, 0, 11, 162.81, 315699, 419
2153, 0, 437, 475, 356, 0, 22.23%, 90, 0, 11, 74.67, 316008, 419
2158, 0, 437, 475, 356, 0, 22.23%, 90, 0, 11, 60.45, 316331, 419
2163, 0, 262, 475, 356, 0, 22.23%, 90, 0, 11, 180.93, 317083, 419
2168, 0, 292, 475, 356, 0, 22.23%, 90, 0, 11, 168.49, 317916, 419
2173, 0, 349, 475, 356, 0, 22.23%, 90, 0, 11, 167.74, 318752, 419
2178, 0, 275, 475, 355, 0, 22.23%, 90, 0, 11, 160.65, 319547, 419
2184, 0, 275, 475, 355, 0, 22.23%, 90, 0, 11, 166.33, 320393, 419
2189, 0, 401, 475, 355, 0, 22.23%, 90, 0, 11, 167.94, 321245, 419
2194, 0, 255, 475, 355, 0, 22.23%, 90, 0, 11, 169.69, 322238, 419
2199, 0, 255, 475, 355, 0, 22.23%, 90, 0, 11, 164.16, 323060, 419
2204, 0, 144, 476, 356, 0, 22.23%, 90, 0, 11, 111.29, 323662, 419
2209, 0, 361, 476, 356, 0, 22.23%, 91, 0, 11, 134.02, 324246, 419
2214, 0, 262, 476, 356, 0, 22.23%, 91, 0, 11, 160.33, 325108, 419
2219, 0, 330, 476, 356, 0, 22.23%, 91, 0, 11, 165.39, 325936, 419
2224, 0, 465, 476, 355, 0, 22.23%, 91, 0, 11, 167.12, 326781, 419
2223, 0, 465, 476, 355, 0, 22.23%, 91, 0, 11, 0.00, 326796, 419
2228, 0, 292, 476, 355, 0, 22.23%, 91, 0, 11, 173.15, 327645, 419
2234, 0, 394, 476, 355, 0, 22.23%, 91, 0, 11, 167.54, 328486, 419
2239, 0, 394, 476, 355, 0, 22.23%, 91, 0, 11, 166.80, 329349, 419
2244, 0, 394, 476, 355, 0, 22.23%, 91, 0, 11, 168.27, 330185, 419
2249, 0, 270, 476, 355, 0, 22.23%, 91, 0, 11, 46.96, 330502, 419
2254, 0, 270, 477, 356, 0, 22.28%, 91, 0, 11, 40.92, 330692, 420
2259, 0, 437, 477, 355, 0, 22.28%, 91, 0, 11, 51.45, 331040, 420
2264, 0, 437, 477, 355, 0, 22.28%, 91, 0, 11, 45.04, 331282, 420
2269, 0, 437, 477, 355, 0, 22.28%, 91, 0, 11, 52.04, 331562, 420
2274, 0, 270, 477, 355, 0, 22.28%, 91, 0, 11, 122.19, 332320, 420
2280, 0, 270, 477, 355, 0, 22.28%, 91, 0, 11, 60.86, 332584, 420
2285, 0, 270, 477, 355, 0, 22.28%, 91, 0, 11, 53.20, 332854, 420
2290, 0, 437, 477, 355, 0, 22.28%, 91, 0, 11, 56.87, 333214, 420
2295, 0, 437, 477, 355, 0, 22.28%, 91, 0, 11, 42.69, 333403, 420
2300, 0, 262, 477, 355, 0, 22.28%, 91, 0, 11, 83.94, 333765, 420
2305, 0, 283, 477, 355, 0, 22.28%, 91, 0, 11, 147.58, 334609, 420
2310, 0, 31, 477, 355, 0, 22.28%, 91, 0, 11, 155.31, 335394, 420
2315, 0, 425, 478, 356, 0, 22.28%, 91, 0, 11, 93.03, 335839, 420
2320, 0, 425, 478, 356, 0, 22.28%, 91, 0, 11, 51.36, 336126, 420
2326, 0, 425, 478, 356, 0, 22.28%, 92, 0, 11, 56.23, 336390, 420
2331, 0, 436, 478, 356, 0, 22.28%, 92, 0, 11, 90.01, 336768, 420
2336, 0, 436, 479, 357, 0, 22.28%, 92, 0, 11, 144.57, 337571, 420
2341, 0, 436, 480, 358, 0, 22.28%, 92, 0, 11, 156.11, 338393, 420
2346, 0, 436, 480, 358, 0, 22.28%, 92, 0, 11, 158.68, 339212, 420
2351, 0, 436, 480, 358, 0, 22.28%, 92, 0, 11, 159.64, 340172, 420
2356, 0, 436, 480, 358, 0, 22.28%, 92, 0, 11, 159.08, 340994, 420
2361, 0, 436, 480, 358, 0, 22.28%, 92, 0, 11, 158.24, 341780, 420
2366, 0, 436, 480, 358, 0, 22.28%, 92, 0, 11, 159.30, 342473, 420
2372, 0, 436, 480, 358, 0, 22.28%, 92, 0, 11, 159.76, 343298, 420
2377, 0, 436, 480, 358, 0, 22.28%, 92, 0, 11, 159.31, 344111, 420
2382, 0, 436, 480, 358, 0, 22.28%, 92, 0, 11, 161.80, 345086, 420
2387, 0, 436, 480, 358, 0, 22.28%, 92, 0, 11, 166.37, 345962, 420
2392, 0, 436, 480, 358, 0, 22.28%, 92, 0, 11, 164.10, 346793, 420
2397, 0, 436, 480, 358, 0, 22.28%, 92, 0, 11, 161.45, 347624, 420
2402, 0, 436, 480, 358, 0, 22.28%, 92, 0, 11, 164.02, 348452, 420
2407, 0, 280, 480, 358, 0, 22.28%, 92, 0, 11, 167.43, 349294, 420
2412, 0, 120, 480, 358, 0, 22.28%, 92, 0, 11, 164.91, 350152, 420
2412, 0, 120, 480, 358, 0, 22.28%, 92, 0, 11, 0.00, 350179, 420
2417, 0, 343, 480, 358, 0, 22.28%, 92, 0, 11, 165.93, 351026, 420
2422, 0, 437, 480, 358, 0, 22.28%, 92, 0, 11, 138.67, 351753, 420
2427, 0, 437, 480, 358, 0, 22.28%, 92, 0, 11, 66.64, 352003, 420
2432, 0, 437, 480, 358, 0, 22.28%, 92, 0, 11, 36.20, 352157, 420
2437, 0, 63, 480, 358, 0, 22.28%, 92, 0, 11, 93.31, 352611, 420
2443, 0, 376, 480, 358, 0, 22.28%, 92, 0, 11, 146.38, 353436, 420
2448, 0, 463, 480, 358, 0, 22.28%, 92, 0, 11, 169.62, 354373, 420
2453, 0, 360, 480, 358, 0, 22.28%, 92, 0, 11, 163.42, 355175, 420
2458, 0, 280, 480, 358, 0, 22.28%, 92, 0, 11, 165.44, 356010, 420
2463, 0, 329, 480, 358, 0, 22.28%, 92, 0, 11, 168.75, 356864, 420
2468, 0, 270, 480, 358, 0, 22.28%, 92, 0, 11, 91.49, 357249, 420
2473, 0, 270, 480, 358, 0, 22.28%, 92, 0, 11, 47.70, 357427, 420
2478, 0, 262, 480, 358, 0, 22.28%, 92, 0, 11, 102.85, 357823, 420
2483, 0, 448, 480, 358, 0, 22.28%, 92, 0, 11, 152.36, 358665, 420
2488, 0, 270, 480, 358, 0, 22.28%, 92, 0, 11, 132.09, 359391, 420
2493, 0, 270, 480, 358, 0, 22.28%, 92, 0, 11, 76.36, 359682, 420
2498, 0, 436, 481, 359, 0, 22.28%, 92, 0, 11, 77.69, 360035, 420
2504, 0, 436, 481, 359, 0, 22.28%, 92, 0, 11, 148.81, 360878, 420
2509, 0, 278, 481, 359, 0, 22.28%, 92, 0, 11, 166.70, 361858, 420
2514, 0, 226, 481, 359, 0, 22.28%, 92, 0, 11, 168.56, 362746, 420
2519, 0, 437, 481, 359, 0, 22.28%, 92, 0, 11, 81.41, 363098, 420
2524, 0, 437, 481, 359, 0, 22.28%, 92, 0, 11, 51.01, 363337, 420
2529, 0, 437, 481, 359, 0, 22.28%, 92, 0, 11, 37.73, 363506, 420
2535, 0, 408, 482, 360, 0, 22.28%, 92, 0, 11, 133.79, 364305, 420
2540, 0, 376, 482, 359, 0, 22.28%, 92, 0, 11, 154.53, 365313, 420
2545, 0, 339, 482, 359, 0, 22.28%, 92, 0, 11, 157.46, 366102, 420
2550, 0, 408, 482, 359, 0, 22.28%, 92, 0, 11, 160.56, 366903, 420
2555, 0, 401, 482, 359, 0, 22.28%, 92, 0, 11, 161.06, 367712, 420
2560, 0, 401, 482, 359, 0, 22.28%, 92, 0, 11, 167.59, 368555, 420
2565, 0, 352, 482, 359, 0, 22.28%, 92, 0, 11, 168.56, 369390, 420
2570, 0, 120, 482, 359, 0, 22.28%, 92, 0, 11, 170.70, 370386, 420
2575, 0, 54, 482, 359, 0, 22.28%, 92, 0, 11, 168.10, 371257, 420
2580, 0, 262, 482, 358, 0, 22.28%, 92, 0, 11, 170.00, 372134, 420
2585, 0, 292, 482, 358, 0, 22.28%, 92, 0, 11, 160.86, 372928, 420
2590, 0, 437, 482, 358, 0, 22.28%, 92, 0, 11, 105.16, 373489, 420
2595, 0, 437, 482, 358, 0, 22.28%, 92, 0, 11, 82.51, 373842, 420
2601, 0, 172, 482, 358, 0, 22.28%, 92, 0, 11, 98.34, 374252, 420
2600, 0, 352, 482, 358, 0, 22.28%, 92, 0, 11, 0.00, 374308, 420
2605, 0, 352, 482, 358, 0, 22.28%, 92, 0, 11, 165.93, 375136, 420
2610, 0, 408, 482, 358, 0, 22.28%, 92, 0, 11, 166.06, 375975, 420
2615, 0, 278, 482, 358, 0, 22.28%, 92, 0, 11, 167.42, 376816, 420
2620, 0, 270, 482, 358, 0, 22.28%, 92, 0, 11, 127.28, 377503, 420
2625, 0, 270, 482, 358, 0, 22.28%, 92, 0, 11, 65.56, 377755, 420
2631, 0, 270, 482, 358, 0, 22.28%, 92, 0, 11, 49.64, 377991, 420
2636, 0, 278, 482, 358, 0, 22.28%, 92, 0, 11, 176.51, 378858, 420
2641, 0, 220, 483, 359, 0, 22.28%, 92, 0, 11, 168.64, 379683, 420
2646, 0, 76, 483, 359, 0, 22.28%, 92, 0, 11, 164.27, 380537, 420
2651, 0, 220, 484, 360, 0, 22.28%, 92, 0, 11, 166.66, 381375, 420
2656, 0, 337, 485, 361, 0, 22.28%, 92, 0, 11, 168.51, 382224, 420
2661, 0, 48, 485, 361, 0, 22.28%, 92, 0, 11, 167.59, 383095, 420
2666, 0, 171, 485, 361, 0, 22.28%, 92, 0, 11, 154.32, 384040, 420
2671, 0, 120, 485, 361, 0, 22.28%, 92, 0, 11, 164.43, 384871, 420
2676, 0, 425, 485, 361, 0, 22.28%, 92, 0, 11, 44.11, 385133, 420
2682, 0, 425, 485, 361, 0, 22.28%, 92, 0, 11, 66.92, 385495, 420
2687, 0, 425, 485, 361, 0, 22.28%, 92, 0, 11, 51.58, 385785, 420
2692, 0, 176, 485, 361, 0, 22.28%, 92, 0, 11, 90.25, 386185, 420
2697, 0, 481, 486, 362, 0, 22.28%, 92, 0, 11, 154.80, 387212, 420
2702, 0, 481, 486, 362, 0, 22.28%, 92, 0, 11, 166.08, 388061, 420
2707, 0, 481, 486, 362, 0, 22.28%, 92, 0, 11, 166.66, 388904, 420
2712, 0, 481, 486, 362, 0, 22.28%, 92, 0, 11, 169.40, 389760, 420
2717, 0, 481, 487, 363, 0, 22.28%, 92, 0, 11, 162.93, 390566, 420
2722, 0, 481, 487, 363, 0, 22.28%, 92, 0, 11, 163.11, 391387, 420
2727, 0, 408, 487, 363, 0, 22.28%, 92, 0, 11, 170.40, 392351, 420
2732, 0, 437, 487, 363, 0, 22.28%, 92, 0, 11, 113.24, 392952, 420
2737, 0, 437, 487, 363, 0, 22.28%, 92, 0, 11, 48.40, 393140, 420
2742, 0, 437, 487, 363, 0, 22.28%, 92, 0, 11, 36.43, 393310, 420
2747, 0, 401, 487, 363, 0, 22.28%, 92, 0, 11, 101.41, 393794, 420
2753, 0, 275, 487, 363, 0, 22.28%, 92, 0, 11, 151.34, 394633, 420
2758, 0, 275, 487, 363, 0, 22.28%, 92, 0, 11, 166.35, 395507, 420
2757, 0, 275, 487, 363, 0, 22.28%, 92, 0, 11, 0.00, 395567, 420
2762, 0, 257, 488, 364, 0, 22.28%, 92, 0, 11, 165.73, 396428, 420
2767, 0, 63, 488, 364, 0, 22.28%, 92, 0, 11, 167.58, 397274, 420
2772, 0, 176, 488, 364, 0, 22.28%, 92, 0, 11, 159.66, 398078, 420
2777, 0, 424, 488, 364, 0, 22.28%, 92, 0, 11, 165.64, 398921, 420
2783, 0, 465, 488, 364, 0, 22.28%, 92, 0, 11, 168.42, 399764, 420
2788, 0, 262, 488, 364, 0, 22.28%, 92, 0, 11, 166.15, 400585, 420
2793, 0, 154, 488, 364, 0, 22.28%, 92, 0, 11, 157.34, 401540, 420
2798, 0, 436, 488, 363, 0, 22.28%, 92, 0, 11, 159.76, 402374, 420
2803, 0, 436, 488, 363, 0, 22.28%, 92, 0, 11, 162.06, 403203, 420
2808, 0, 111, 488, 363, 0, 22.28%, 92, 0, 11, 159.45, 404030, 420
2813, 0, 227, 488, 363, 0, 22.28%, 92, 0, 11, 164.84, 404851, 420
2818, 0, 262, 488, 363, 0, 22.28%, 92, 0, 11, 168.43, 405700, 420
2823, 0, 437, 488, 363, 0, 22.28%, 92, 0, 11, 61.89, 406156, 420
2828, 0, 437, 488, 363, 0, 22.28%, 92, 0, 11, 39.39, 406342, 420
2833, 0, 329, 488, 363, 0, 22.28%, 92, 0, 11, 111.94, 406886, 420
2838, 0, 15, 488, 363, 0, 22.28%, 92, 0, 11, 154.19, 407735, 420
2843, 0, 240, 488, 363, 0, 22.28%, 92, 0, 11, 163.36, 408573, 420
2848, 0, 337, 488, 362, 0, 22.28%, 92, 0, 11, 167.85, 409418, 420
2853, 0, 464, 488, 362, 0, 22.28%, 92, 0, 11, 170.34, 410409, 420
2859, 0, 268, 489, 363, 0, 22.28%, 92, 0, 11, 168.08, 411287, 420
2864, 0, 411, 489, 363, 0, 22.28%, 92, 0, 11, 161.86, 412086, 420
2869, 0, 411, 489, 363, 0, 22.28%, 92, 0, 11, 163.20, 412938, 420
2874, 0, 411, 489, 363, 0, 22.28%, 92, 0, 11, 166.76, 413784, 420
2879, 0, 411, 489, 363, 0, 22.28%, 92, 0, 11, 164.71, 414608, 420
2884, 0, 411, 489, 363, 0, 22.28%, 92, 0, 11, 177.37, 415619, 420
2889, 0, 437, 489, 363, 0, 22.28%, 92, 0, 11, 159.39, 416425, 420
2894, 0, 437, 489, 363, 0, 22.28%, 92, 0, 11, 42.53, 416696, 420
2899, 0, 437, 489, 363, 0, 22.28%, 92, 0, 11, 57.26, 417031, 420
2905, 0, 401, 489, 363, 0, 22.28%, 92, 0, 11, 126.07, 417745, 420
2910, 0, 387, 489, 363, 0, 22.28%, 92, 0, 11, 159.20, 418605, 420
2915, 0, 389, 489, 363, 0, 22.28%, 92, 0, 11, 164.32, 419443, 420
2914, 0, 389, 489, 363, 0, 22.28%, 92, 0, 11, 0.00, 419476, 420
2919, 0, 111, 489, 363, 0, 22.28%, 92, 0, 11, 155.90, 420306, 420
2924, 0, 382, 489, 363, 0, 22.28%, 92, 0, 11, 156.75, 421118, 420
2930, 0, 382, 489, 363, 0, 22.28%, 92, 0, 11, 165.60, 421980, 420
2935, 0, 262, 489, 363, 0, 22.28%, 92, 0, 11, 168.74, 422862, 420
2940, 0, 262, 489, 363, 0, 22.28%, 92, 0, 11, 166.94, 423686, 420
2945, 0, 276, 489, 363, 0, 22.28%, 92, 0, 11, 164.40, 424546, 420
2950, 0, 437, 489, 362, 0, 22.28%, 93, 0, 11, 63.25, 425032, 420
2955, 0, 437, 489, 362, 0, 22.28%, 93, 0, 11, 45.13, 425237, 420
2960, 0, 0, 489, 362, 0, 22.28%, 93, 0, 11, 111.85, 425797, 420
2966, 0, 0, 489, 362, 0, 22.28%, 93, 0, 11, 147.14, 426605, 420
2971, 0, 225, 489, 362, 0, 22.28%, 93, 0, 11, 156.11, 427382, 420
2976, 0, 276, 489, 362, 0, 22.28%, 93, 0, 11, 162.90, 428189, 420
2981, 0, 163, 489, 362, 0, 22.28%, 93, 0, 11, 169.86, 429194, 420
2986, 0, 163, 489, 362, 0, 22.28%, 93, 0, 11, 151.08, 429944, 420
2991, 0, 76, 489, 362, 0, 22.28%, 93, 0, 11, 155.88, 430768, 420
2996, 0, 144, 489, 362, 0, 22.28%, 93, 0, 11, 100.80, 431289, 420
3001, 0, 465, 489, 362, 0, 22.28%, 93, 0, 11, 117.56, 431793, 420
3006, 0, 465, 489, 362, 0, 22.28%, 93, 0, 11, 155.57, 432641, 420
3012, 0, 163, 489, 362, 0, 22.28%, 93, 0, 11, 169.31, 433644, 420
3017, 0, 163, 489, 362, 0, 22.28%, 93, 0, 11, 161.24, 434460, 420
3022, 0, 292, 489, 362, 0, 22.28%, 93, 0, 11, 167.08, 435304, 420
3027, 0, 425, 489, 362, 0, 22.28%, 93, 0, 11, 35.51, 435561, 420
3032, 0, 425, 489, 362, 0, 22.28%, 93, 0, 11, 60.91, 435873, 420
3037, 0, 425, 489, 362, 0, 22.28%, 93, 0, 11, 50.69, 436133, 420
3042, 0, 389, 489, 362, 0, 22.28%, 93, 0, 11, 174.02, 436549, 420
3047, 0, 257, 489, 362, 0, 22.28%, 93, 0, 11, 169.85, 437424, 420
3052, 0, 401, 489, 362, 0, 22.28%, 93, 0, 11, 159.14, 438224, 420
3058, 0, 324, 489, 362, 0, 22.28%, 93, 0, 11, 163.19, 439078, 420
3063, 0, 324, 489, 362, 0, 22.28%, 93, 0, 11, 165.01, 439910, 420
3068, 0, 324, 489, 362, 0, 22.28%, 93, 0, 11, 164.07, 440746, 420
3073, 0, 260, 490, 363, 0, 22.28%, 93, 0, 11, 166.30, 441724, 420
3078, 0, 31, 490, 363, 0, 22.28%, 93, 0, 11, 162.34, 442565, 420
3083, 0, 270, 490, 363, 0, 22.28%, 93, 0, 11, 152.45, 443376, 420
3088, 0, 270, 490, 363, 0, 22.28%, 94, 0, 11, 75.30, 443641, 420
3094, 0, 270, 490, 363, 0, 22.28%, 94, 0, 11, 53.90, 443895, 420
3099, 0, 94, 490, 363, 0, 22.28%, 94, 0, 11, 97.18, 444324, 420
3104, 0, 346, 490, 362, 0, 22.28%, 94, 0, 11, 166.15, 445288, 420
3109, 0, 411, 490, 362, 0, 22.28%, 94, 0, 11, 166.46, 446116, 420
3114, 0, 411, 490, 362, 0, 22.28%, 94, 0, 11, 165.15, 446949, 420
3119, 0, 411, 490, 362, 0, 22.28%, 94, 0, 11, 166.00, 447773, 420
3124, 0, 352, 490, 362, 0, 22.28%, 94, 0, 11, 167.36, 448613, 420
3129, 0, 401, 490, 362, 0, 22.28%, 94, 0, 11, 156.43, 449425, 420
3134, 0, 278, 490, 362, 0, 22.28%, 94, 0, 11, 158.61, 450226, 420
3134, 0, 278, 490, 362, 0, 22.28%, 94, 0, 11, 0.00, 450339, 420
3139, 0, 437, 490, 362, 0, 22.28%, 94, 0, 11, 111.71, 450918, 420
3144, 0, 437, 490, 362, 0, 22.28%, 94, 0, 11, 57.51, 451129, 420
3150, 0, 437, 490, 362, 0, 22.28%, 94, 0, 11, 38.85, 451325, 420
3155, 0, 176, 490, 362, 0, 22.28%, 94, 0, 11, 129.48, 452024, 420
3160, 0, 437, 490, 362, 0, 22.28%, 94, 0, 11, 87.09, 452449, 420
3165, 0, 437, 490, 362, 0, 22.28%, 94, 0, 11, 55.43, 452662, 420
3170, 0, 255, 490, 362, 0, 22.28%, 94, 0, 11, 138.10, 453529, 420
3175, 0, 270, 490, 362, 0, 22.28%, 94, 0, 11, 127.00, 454236, 420
3180, 0, 270, 490, 362, 0, 22.28%, 94, 0, 11, 67.01, 454531, 420
3185, 0, 401, 490, 362, 0, 22.28%, 94, 0, 11, 120.72, 455131, 420
3190, 0, 401, 490, 362, 0, 22.28%, 94, 0, 11, 154.73, 455944, 420
3196, 0, 352, 490, 362, 0, 22.28%, 94, 0, 11, 161.98, 456791, 420
3201, 0, 270, 490, 362, 0, 22.28%, 94, 0, 11, 119.95, 457547, 420
3206, 0, 270, 490, 362, 0, 22.28%, 94, 0, 11, 81.35, 457869, 420
3211, 0, 448, 490, 362, 0, 22.28%, 95, 0, 11, 87.90, 458238, 420
3216, 0, 176, 490, 361, 0, 22.28%, 95, 0, 11, 143.76, 459045, 420
3221, 0, 437, 490, 361, 0, 22.28%, 95, 0, 11, 38.45, 459597, 420
3226, 0, 437, 490, 361, 0, 22.28%, 95, 0, 11, 40.37, 459829, 420
3231, 0, 464, 490, 361, 0, 22.28%, 95, 0, 11, 89.62, 460280, 420
3236, 0, 0, 490, 361, 0, 22.28%, 95, 0, 11, 150.54, 461130, 420
3241, 0, 0, 490, 361, 0, 22.28%, 95, 0, 11, 156.06, 461921, 420
3247, 0, 0, 491, 362, 0, 22.28%, 95, 0, 11, 160.17, 462773, 420
3252, 0, 437, 491, 362, 0, 22.28%, 95, 0, 11, 107.27, 463315, 420
3257, 0, 437, 491, 362, 0, 22.28%, 95, 0, 11, 67.64, 463610, 420
3262, 0, 270, 491, 362, 0, 22.28%, 95, 0, 11, 64.78, 463963, 420
3267, 0, 270, 491, 362, 0, 22.28%, 95, 0, 11, 61.95, 464261, 420
3272, 0, 268, 491, 362, 0, 22.28%, 95, 0, 11, 103.53, 464738, 420
3277, 0, 437, 491, 362, 0, 22.28%, 95, 0, 11, 132.34, 465502, 420
3282, 0, 437, 491, 362, 0, 22.28%, 95, 0, 11, 68.19, 465773, 420
3287, 0, 437, 491, 362, 0, 22.28%, 95, 0, 11, 40.94, 465942, 420
3292, 0, 270, 491, 362, 0, 22.28%, 95, 0, 11, 162.09, 466541, 420
3298, 0, 270, 491, 362, 0, 22.28%, 95, 0, 11, 77.94, 466815, 420
3303, 0, 270, 491, 362, 0, 22.28%, 95, 0, 11, 76.12, 467145, 420
3308, 0, 324, 491, 362, 0, 22.28%, 95, 0, 11, 145.12, 467938, 420
3313, 0, 382, 491, 362, 0, 22.28%, 95, 0, 11, 168.15, 468847, 420
3318, 0, 381, 491, 362, 0, 22.28%, 95, 0, 11, 170.60, 469716, 420
3323, 0, 381, 491, 362, 0, 22.28%, 95, 0, 11, 173.39, 470580, 420
3322, 0, 381, 491, 362, 0, 22.28%, 95, 0, 11, 0.00, 470608, 420
3328, 0, 481, 491, 362, 0, 22.28%, 95, 0, 11, 167.49, 471466, 420
3333, 0, 31, 492, 363, 0, 22.28%, 95, 0, 11, 162.74, 472320, 420
3338, 0, 262, 493, 364, 0, 22.28%, 96, 0, 11, 153.45, 472990, 420
3343, 0, 437, 493, 364, 0, 22.28%, 96, 0, 11, 146.73, 473777, 420
3348, 0, 437, 493, 364, 0, 22.28%, 96, 0, 11, 73.20, 474037, 420
3353, 0, 332, 494, 365, 0, 22.28%, 96, 0, 11, 85.71, 474445, 420
3358, 0, 332, 494, 365, 0, 22.28%, 96, 0, 11, 157.59, 475338, 420
3363, 0, 144, 495, 366, 0, 22.28%, 96, 0, 11, 148.37, 476121, 420
3368, 0, 220, 495, 366, 0, 22.28%, 96, 0, 11, 96.42, 476494, 420
3374, 0, 319, 495, 366, 0, 22.28%, 96, 0, 11, 157.56, 477378, 420
3379, 0, 270, 495, 365, 0, 22.28%, 96, 0, 11, 88.06, 477749, 420
3384, 0, 270, 495, 365, 0, 22.28%, 96, 0, 11, 65.74, 478064, 420
3389, 0, 411, 495, 365, 0, 22.28%, 96, 0, 11, 168.63, 478859, 420
3394, 0, 389, 495, 365, 0, 22.28%, 96, 0, 11, 168.93, 479713, 420
3399, 0, 382, 495, 365, 0, 22.28%, 96, 0, 11, 167.57, 480576, 420
3404, 0, 394, 495, 365, 0, 22.28%, 96, 0, 11, 165.23, 481435, 420
3409, 0, 463, 495, 365, 0, 22.28%, 96, 0, 11, 161.69, 482273, 420
3415, 0, 363, 497, 367, 0, 22.39%, 96, 0, 11, 168.82, 483125, 422
3420, 0, 496, 498, 367, 0, 22.39%, 96, 0, 11, 141.67, 484078, 422
3425, 0, 496, 499, 368, 0, 22.49%, 97, 0, 11, 159.68, 484841, 424
3430, 0, 496, 499, 368, 0, 22.49%, 97, 0, 11, 167.11, 485720, 424
3435, 0, 496, 499, 368, 0, 22.49%, 97, 0, 11, 166.04, 486572, 424
3440, 0, 496, 499, 368, 0, 22.49%, 97, 0, 11, 168.94, 487432, 424
3445, 0, 275, 499, 367, 1, 22.49%, 97, 0, 11, 165.91, 488275, 424
3450, 0, 270, 499, 367, 1, 22.49%, 97, 0, 11, 43.81, 488739, 424
3455, 0, 270, 499, 367, 1, 22.49%, 97, 0, 11, 57.87, 489073, 424
3461, 0, 376, 499, 366, 0, 22.49%, 97, 0, 11, 137.42, 489872, 424
3466, 0, 280, 499, 366, 0, 22.49%, 97, 0, 11, 158.81, 490728, 424
3471, 0, 63, 499, 366, 0, 22.49%, 97, 0, 11, 163.77, 491549, 424
3476, 0, 326, 499, 366, 0, 22.49%, 97, 0, 11, 164.67, 492377, 424
3481, 0, 382, 499, 366, 0, 22.49%, 97, 0, 11, 169.14, 493401, 424
3486, 0, 392, 499, 366, 0, 22.49%, 97, 0, 11, 157.69, 494187, 424
3491, 0, 120, 499, 365, 0, 22.49%, 97, 0, 11, 161.01, 494996, 424
3496, 0, 144, 499, 365, 0, 22.49%, 97, 0, 11, 109.81, 495566, 424
3501, 0, 437, 499, 365, 0, 22.49%, 98, 0, 11, 125.88, 496158, 424
3506, 0, 437, 499, 365, 0, 22.49%, 98, 0, 11, 63.74, 496409, 424
3511, 0, 437, 499, 365, 0, 22.49%, 98, 0, 11, 45.94, 496642, 424
3511, 0, 437, 499, 365, 0, 22.49%, 98, 0, 11, 0.00, 496648, 424
3516, 0, 270, 499, 365, 0, 22.49%, 98, 0, 11, 39.89, 496881, 424
3521, 0, 270, 499, 365, 0, 22.49%, 99, 0, 11, 60.78, 497201, 424
3526, 0, 270, 499, 365, 0, 22.49%, 99, 0, 11, 47.29, 497438, 424
3531, 0, 408, 500, 366, 0, 22.55%, 99, 0, 11, 134.10, 498236, 425
3536, 0, 361, 501, 366, 0, 22.55%, 99, 0, 11, 159.66, 499054, 425
3541, 0, 425, 501, 366, 0, 22.55%, 99, 0, 11, 78.41, 499358, 425
3547, 0, 425, 501, 366, 0, 22.55%, 99, 0, 11, 46.37, 499654, 425
3552, 0, 425, 501, 366, 0, 22.55%, 99, 0, 11, 146.47, 499936, 425
3557, 0, 268, 501, 366, 0, 22.55%, 99, 0, 11, 112.14, 500352, 425
3562, 0, 465, 501, 366, 0, 22.55%, 99, 0, 11, 154.43, 501174, 425
3567, 0, 465, 501, 366, 0, 22.55%, 99, 0, 11, 164.23, 502017, 425
3572, 0, 425, 501, 366, 0, 22.55%, 99, 0, 11, 78.39, 502328, 425
3577, 0, 425, 501, 366, 0, 22.55%, 99, 0, 11, 24.49, 502670, 425
3582, 0, 425, 501, 366, 0, 22.55%, 99, 0, 11, 40.27, 502907, 425
3587, 0, 329, 501, 366, 0, 22.55%, 99, 0, 11, 72.11, 503237, 425
3592, 0, 465, 501, 366, 0, 22.55%, 99, 0, 11, 146.39, 504081, 425
3597, 0, 408, 501, 366, 0, 22.55%, 99, 0, 11, 160.72, 504909, 425
3602, 0, 0, 501, 366, 0, 22.55%, 99, 0, 11, 163.81, 505730, 425
3607, 0, 0, 501, 366, 0, 22.55%, 99, 0, 11, 157.94, 506681, 425
3613, 0, 0, 501, 366, 0, 22.55%, 99, 0, 11, 152.92, 507476, 425
3618, 0, 114, 501, 366, 0, 22.55%, 99, 0, 11, 166.59, 508351, 425
3623, 0, 401, 501, 366, 0, 22.55%, 99, 0, 11, 163.01, 509156, 425
3628, 0, 337, 501, 366, 0, 22.55%, 99, 0, 11, 166.36, 509998, 425
3633, 0, 497, 503, 368, 0, 22.55%, 99, 0, 11, 162.14, 510820, 425
3638, 0, 497, 503, 368, 0, 22.55%, 99, 0, 11, 172.04, 511696, 425
3643, 0, 497, 503, 368, 0, 22.55%, 99, 0, 11, 157.35, 512494, 425
3648, 0, 497, 504, 369, 0, 22.55%, 99, 0, 11, 149.53, 513266, 425
3653, 0, 497, 504, 369, 0, 22.55%, 99, 0, 11, 142.71, 513994, 425
3658, 0, 497, 504, 369, 0, 22.55%, 99, 0, 11, 155.59, 514817, 425
3664, 0, 497, 504, 369, 0, 22.55%, 99, 0, 11, 156.66, 515609, 425
3669, 0, 497, 504, 369, 0, 22.55%, 99, 0, 11, 158.47, 516410, 425
3668, 0, 497, 504, 369, 0, 22.55%, 99, 0, 11, 0.00, 516419, 425
3673, 0, 257, 504, 369, 0, 22.55%, 99, 0, 11, 167.38, 517271, 425
3678, 0, 270, 504, 369, 0, 22.55%, 99, 0, 11, 148.18, 518049, 425
3683, 0, 270, 504, 369, 0, 22.55%, 99, 0, 11, 76.91, 518337, 425
3688, 0, 270, 504, 369, 0, 22.55%, 100, 0, 11, 64.74, 518594, 425
3693, 0, 414, 504, 369, 0, 22.55%, 100, 0, 11, 129.15, 519251, 425
3698, 0, 184, 504, 368, 0, 22.55%, 100, 0, 11, 158.60, 520079, 425
3704, 0, 244, 504, 368, 0, 22.55%, 100, 0, 11, 174.77, 521109, 425
3709, 0, 0, 504, 368, 0, 22.55%, 100, 0, 11, 165.90, 521940, 425
3714, 0, 0, 504, 368, 0, 22.55%, 100, 0, 11, 162.21, 522769, 425
3719, 0, 0, 504, 368, 0, 22.55%, 100, 0, 11, 162.60, 523578, 425
3724, 0, 262, 504, 368, 0, 22.55%, 100, 0, 11, 167.60, 524423, 425
3729, 0, 437, 504, 368, 0, 22.55%, 100, 0, 11, 87.45, 524780, 425
3734, 0, 437, 504, 368, 0, 22.55%, 100, 0, 11, 24.00, 524953, 425
3739, 0, 172, 504, 368, 0, 22.55%, 100, 0, 11, 158.84, 525622, 425
3744, 0, 15, 504, 368, 0, 22.55%, 100, 0, 11, 165.90, 526497, 425
3749, 0, 408, 504, 368, 0, 22.55%, 100, 0, 11, 166.84, 527329, 425
3754, 0, 401, 504, 368, 0, 22.55%, 100, 0, 11, 156.15, 528116, 425
3759, 0, 114, 504, 368, 0, 22.55%, 100, 0, 11, 165.72, 528964, 425
3765, 0, 270, 504, 368, 0, 22.55%, 100, 0, 11, 62.95, 529342, 425
3770, 0, 270, 504, 368, 0, 22.55%, 100, 0, 11, 53.22, 529630, 425
3775, 0, 355, 504, 368, 0, 22.55%, 100, 0, 11, 133.70, 530356, 425
3780, 0, 278, 504, 368, 0, 22.55%, 100, 0, 11, 159.56, 531183, 425
3785, 0, 324, 504, 368, 0, 22.55%, 100, 0, 11, 170.78, 532082, 425
3790, 0, 437, 504, 368, 0, 22.55%, 100, 0, 11, 159.36, 532911, 425
3795, 0, 437, 504, 368, 0, 22.55%, 100, 0, 11, 141.93, 533238, 425
3800, 0, 437, 504, 368, 0, 22.55%, 100, 0, 11, 51.18, 533535, 425
3805, 0, 465, 504, 368, 0, 22.55%, 100, 0, 11, 138.54, 534350, 425
3810, 0, 465, 504, 368, 0, 22.55%, 100, 0, 11, 161.68, 535193, 425
3816, 0, 22, 504, 368, 0, 22.55%, 100, 0, 11, 154.66, 535986, 425
3821, 0, 498, 504, 367, 0, 22.55%, 100, 0, 11, 162.69, 536825, 425
3826, 0, 176, 504, 367, 0, 22.55%, 100, 0, 11, 170.02, 537693, 425
3825, 0, 176, 504, 367, 0, 22.55%, 100, 0, 11, 0.00, 537705, 425
3830, 1, 0, 504, 367, 0, 22.55%, 100, 0, 11, 162.52, 538532, 425
3835, 1, 0, 504, 367, 0, 22.55%, 100, 0, 11, 165.46, 539392, 425
3840, 1, 436, 504, 366, 0, 22.55%, 100, 0, 11, 165.71, 540229, 425
3845, 1, 436, 504, 366, 0, 22.55%, 100, 0, 11, 165.23, 541066, 425
3851, 1, 270, 504, 366, 0, 22.55%, 100, 0, 11, 118.87, 541683, 425
3856, 1, 270, 504, 366, 0, 22.55%, 100, 0, 11, 67.08, 541931, 425
3861, 1, 63, 505, 367, 0, 22.55%, 100, 0, 11, 97.76, 542501, 425
3866, 1, 223, 505, 367, 0, 22.55%, 100, 0, 11, 138.86, 543284, 425
3871, 1, 223, 505, 367, 0, 22.55%, 100, 0, 11, 161.74, 544146, 425
3876, 1, 120, 505, 366, 0, 22.55%, 100, 0, 11, 156.75, 544933, 425
3881, 1, 394, 506, 367, 0, 22.55%, 100, 0, 11, 160.85, 545739, 425
3886, 1, 424, 507, 368, 0, 22.55%, 100, 0, 11, 165.56, 546581, 425
3891, 1, 270, 507, 368, 0, 22.55%, 100, 0, 11, 62.05, 547139, 425
3897, 1, 270, 507, 368, 0, 22.55%, 100, 0, 11, 65.61, 547509, 425
3902, 1, 51, 507, 368, 0, 22.55%, 100, 0, 11, 139.49, 548307, 425
3907, 1, 399, 507, 367, 0, 22.55%, 100, 0, 11, 159.86, 549163, 425
3912, 1, 401, 508, 366, 0, 22.55%, 100, 0, 11, 161.21, 550020, 425
3917, 1, 401, 508, 366, 0, 22.55%, 100, 0, 11, 163.39, 550817, 425
3922, 1, 425, 508, 366, 0, 22.55%, 100, 0, 11, 59.53, 551179, 425
3927, 1, 425, 508, 366, 0, 22.55%, 100, 0, 11, 43.24, 551390, 425
3933, 1, 425, 508, 366, 0, 22.55%, 100, 0, 11, 58.19, 551665, 425
3938, 1, 465, 508, 366, 0, 22.55%, 100, 0, 11, 80.84, 552015, 425
3943, 1, 465, 509, 367, 0, 22.60%, 100, 0, 11, 152.41, 552876, 426
3948, 1, 463, 509, 366, 0, 22.60%, 100, 0, 11, 164.60, 553724, 426
3953, 1, 465, 509, 366, 0, 22.60%, 100, 0, 11, 160.20, 554688, 426
3958, 1, 465, 509, 366, 0, 22.60%, 100, 0, 11, 167.85, 555572, 426
3963, 1, 401, 510, 367, 0, 22.60%, 100, 0, 11, 163.00, 556376, 426
3968, 1, 114, 510, 367, 0, 22.60%, 100, 0, 11, 165.33, 557209, 426
3973, 1, 144, 510, 367, 0, 22.60%, 101, 0, 11, 49.44, 557521, 426
3978, 1, 270, 510, 367, 0, 22.60%, 101, 0, 11, 69.40, 557953, 426
3984, 1, 270, 510, 367, 0, 22.60%, 101, 0, 11, 52.90, 558331, 426
3989, 1, 425, 510, 367, 0, 22.60%, 101, 0, 11, 75.13, 558829, 426
3994, 1, 425, 510, 367, 0, 22.60%, 101, 0, 11, 70.12, 559163, 426
3999, 1, 425, 511, 368, 0, 22.76%, 101, 0, 11, 60.65, 559487, 429
4004, 1, 441, 511, 367, 1, 22.76%, 101, 0, 11, 111.63, 560029, 429
4009, 1, 441, 513, 369, 1, 22.76%, 101, 0, 11, 153.50, 560868, 429
4014, 1, 441, 514, 370, 1, 22.76%, 101, 0, 11, 166.65, 561853, 429
4019, 1, 441, 514, 370, 1, 22.76%, 101, 0, 11, 165.37, 562699, 429
4024, 1, 441, 514, 370, 1, 22.76%, 101, 0, 11, 165.74, 563542, 429
4029, 1, 448, 514, 369, 0, 22.76%, 101, 0, 11, 163.04, 564359, 429
4035, 1, 499, 514, 369, 0, 22.76%, 101, 0, 11, 177.05, 565277, 429
4040, 1, 465, 514, 369, 0, 22.76%, 101, 0, 11, 169.54, 566139, 429
4045, 1, 465, 515, 370, 0, 22.76%, 101, 0, 11, 169.76, 567022, 429
4045, 1, 394, 515, 370, 0, 22.76%, 101, 0, 11, 0.00, 567134, 429
4050, 1, 512, 516, 371, 0, 22.76%, 101, 0, 12, 162.74, 568005, 429
4055, 1, 512, 516, 371, 0, 22.76%, 101, 0, 12, 165.86, 568849, 429
4060, 1, 353, 517, 371, 0, 22.76%, 101, 0, 12, 167.21, 569689, 429
4065, 1, 226, 517, 370, 0, 22.76%, 101, 0, 12, 165.59, 570530, 429
4070, 1, 437, 517, 370, 0, 22.76%, 101, 0, 12, 94.34, 570975, 429
4076, 1, 437, 517, 370, 0, 22.76%, 101, 0, 12, 55.92, 571214, 429
4081, 1, 210, 517, 370, 0, 22.76%, 101, 0, 12, 175.61, 571469, 429
4086, 1, 210, 517, 370, 0, 22.76%, 101, 0, 12, 165.90, 572329, 429
4091, 1, 210, 517, 370, 0, 22.76%, 101, 0, 12, 166.66, 573195, 429
4096, 1, 476, 517, 370, 0, 22.76%, 101, 0, 12, 99.82, 573659, 429
4101, 1, 476, 517, 370, 0, 22.76%, 101, 0, 12, 75.87, 573994, 429
4106, 1, 476, 517, 370, 0, 22.76%, 101, 0, 12, 67.38, 574376, 429
4111, 1, 476, 518, 371, 0, 22.76%, 101, 0, 12, 66.43, 574719, 429
4116, 1, 476, 518, 371, 0, 22.76%, 101, 0, 12, 81.16, 575191, 429
4122, 1, 409, 518, 371, 0, 22.76%, 101, 0, 12, 63.29, 575475, 429
4127, 1, 409, 518, 371, 0, 22.76%, 101, 0, 12, 147.16, 576333, 429
4132, 1, 510, 518, 371, 0, 22.76%, 102, 0, 12, 145.44, 576978, 429
4137, 1, 510, 519, 372, 0, 22.81%, 102, 0, 12, 148.52, 577729, 430
4142, 1, 510, 519, 372, 0, 22.81%, 102, 0, 12, 142.91, 578626, 430
4147, 1, 510, 519, 372, 0, 22.81%, 102, 0, 12, 155.29, 579463, 430
4152, 1, 510, 519, 372, 0, 22.81%, 102, 0, 12, 154.44, 580252, 430
4157, 1, 337, 519, 371, 0, 22.81%, 102, 0, 12, 159.91, 581042, 430
4162, 1, 476, 519, 371, 0, 22.81%, 102, 0, 12, 78.37, 581357, 430
4167, 1, 476, 519, 371, 0, 22.81%, 103, 0, 12, 64.17, 581649, 430
4173, 1, 437, 519, 371, 0, 22.81%, 103, 0, 12, 139.32, 582488, 430
4178, 1, 437, 519, 371, 0, 22.81%, 103, 0, 12, 91.79, 582846, 430
4183, 1, 437, 519, 371, 0, 22.81%, 103, 0, 12, 69.22, 583152, 430
4188, 1, 437, 519, 371, 0, 22.81%, 103, 0, 12, 47.19, 583387, 430
4193, 1, 437, 519, 371, 0, 22.81%, 103, 0, 12, 61.12, 583688, 430
4198, 1, 462, 519, 371, 0, 22.81%, 103, 0, 12, 149.52, 584519, 430
4203, 1, 37, 520, 371, 0, 22.81%, 103, 0, 12, 148.47, 585507, 430
4208, 1, 244, 520, 370, 0, 22.81%, 103, 0, 12, 168.84, 586392, 430
4214, 1, 174, 521, 371, 0, 22.81%, 103, 0, 12, 167.53, 587260, 430
4219, 1, 278, 521, 371, 0, 22.81%, 103, 0, 12, 165.78, 588100, 430
4224, 1, 518, 521, 371, 0, 22.81%, 104, 0, 12, 144.28, 588839, 430
4229, 1, 518, 522, 372, 0, 22.81%, 105, 0, 12, 125.64, 589426, 430
4234, 1, 518, 522, 372, 0, 22.81%, 106, 0, 12, 130.18, 590041, 430
4233, 1, 518, 522, 372, 0, 22.81%, 106, 0, 12, 0.00, 590073, 430
4238, 1, 518, 522, 372, 0, 22.81%, 106, 0, 12, 148.89, 590745, 430
4243, 1, 518, 522, 372, 0, 22.81%, 106, 0, 12, 156.96, 591534, 430
4248, 1, 518, 522, 372, 0, 22.81%, 106, 0, 12, 166.22, 592383, 430
4254, 1, 262, 523, 372, 0, 22.81%, 106, 0, 12, 167.68, 593219, 430
4259, 1, 305, 523, 372, 0, 22.81%, 106, 0, 12, 168.87, 594097, 430
4264, 1, 270, 523, 371, 0, 22.81%, 106, 0, 12, 78.34, 594392, 430
4269, 1, 270, 523, 371, 0, 22.81%, 106, 0, 12, 64.77, 594729, 430
4274, 1, 425, 523, 371, 0, 22.81%, 106, 0, 12, 59.09, 595031, 430
4279, 1, 425, 523, 371, 0, 22.81%, 106, 0, 12, 67.13, 595338, 430
4284, 1, 425, 523, 371, 0, 22.81%, 106, 0, 12, 55.73, 595608, 430
4290, 1, 262, 523, 371, 0, 22.81%, 106, 0, 12, 137.21, 596377, 430
4295, 1, 437, 523, 371, 0, 22.81%, 106, 0, 12, 123.59, 597072, 430
4300, 1, 437, 523, 371, 0, 22.81%, 106, 0, 12, 60.68, 597441, 430
4305, 1, 521, 524, 372, 0, 22.81%, 106, 0, 13, 65.82, 597750, 430
4310, 1, 521, 525, 373, 0, 22.81%, 106, 0, 13, 136.92, 598555, 430
4315, 1, 521, 525, 373, 0, 22.81%, 106, 0, 13, 145.97, 599327, 430
4320, 1, 521, 526, 374, 0, 22.81%, 106, 0, 13, 146.77, 600066, 430
4325, 1, 521, 526, 374, 0, 22.81%, 106, 0, 13, 142.79, 600792, 430
4330, 1, 521, 526, 374, 0, 22.81%, 106, 0, 13, 146.05, 601680, 430
4335, 1, 521, 526, 374, 0, 22.81%, 106, 0, 13, 149.79, 602460, 430
4340, 1, 521, 526, 374, 0, 22.81%, 106, 0, 13, 157.99, 603282, 430
4346, 1, 521, 528, 376, 0, 22.81%, 106, 0, 13, 156.60, 604064, 430
4351, 1, 521, 528, 376, 0, 22.81%, 106, 0, 13, 151.37, 604829, 430
4356, 1, 521, 529, 377, 0, 22.86%, 106, 0, 13, 154.46, 605616, 431
4361, 1, 521, 529, 377, 0, 22.86%, 106, 0, 13, 170.06, 606531, 431
4366, 1, 521, 529, 377, 0, 22.86%, 106, 0, 13, 153.14, 607290, 431
4371, 1, 521, 529, 377, 0, 22.86%, 106, 0, 13, 151.88, 608052, 431
4376, 1, 521, 529, 377, 0, 22.86%, 106, 0, 13, 154.01, 608814, 431
4381, 1, 521, 529, 377, 0, 22.86%, 107, 0, 13, 154.55, 609606, 431
4386, 1, 521, 529, 377, 0, 22.86%, 107, 0, 13, 157.54, 610402, 431
4391, 1, 521, 529, 377, 0, 22.86%, 107, 0, 13, 157.36, 611196, 431
4391, 1, 521, 529, 377, 0, 22.86%, 107, 0, 13, 0.00, 611199, 431
4396, 1, 352, 529, 376, 0, 22.86%, 107, 0, 13, 167.56, 612049, 431
4401, 1, 144, 529, 376, 0, 22.86%, 107, 0, 13, 91.73, 612489, 431
4406, 1, 262, 529, 376, 0, 22.86%, 107, 0, 13, 119.47, 613001, 431
4411, 1, 223, 529, 376, 0, 22.86%, 107, 0, 13, 159.58, 613870, 431
4416, 1, 111, 529, 376, 0, 22.86%, 107, 0, 13, 163.80, 614741, 431
4421, 1, 434, 530, 377, 0, 22.86%, 107, 0, 13, 165.92, 615605, 431
4426, 1, 434, 530, 377, 0, 22.86%, 107, 0, 13, 155.66, 616576, 431
4432, 1, 528, 530, 376, 0, 22.86%, 107, 0, 13, 165.71, 617466, 431
4437, 1, 528, 530, 376, 0, 22.86%, 107, 0, 13, 151.53, 618202, 431
4442, 1, 528, 530, 376, 0, 22.86%, 107, 0, 13, 158.27, 619007, 431
4447, 1, 528, 531, 377, 0, 22.86%, 107, 0, 14, 166.33, 619850, 431
4452, 1, 528, 531, 377, 0, 22.86%, 107, 0, 14, 162.70, 620655, 431
4457, 1, 364, 531, 377, 0, 22.86%, 107, 0, 14, 171.09, 621626, 431
4462, 1, 144, 531, 376, 0, 22.86%, 107, 0, 14, 92.74, 621986, 431
4467, 1, 376, 531, 375, 0, 22.86%, 107, 0, 14, 142.56, 622759, 431
4472, 1, 278, 531, 375, 0, 22.86%, 107, 0, 14, 155.30, 623577, 431
4478, 1, 518, 531, 375, 0, 22.86%, 107, 0, 14, 151.25, 624365, 431
4483, 1, 387, 531, 375, 0, 22.86%, 107, 0, 14, 162.13, 625192, 431
4488, 1, 465, 532, 376, 0, 22.86%, 107, 0, 14, 171.11, 626163, 431
4493, 1, 497, 532, 376, 0, 22.86%, 107, 0, 14, 172.06, 627030, 431
4498, 1, 369, 532, 376, 0, 22.86%, 107, 0, 14, 164.85, 627869, 431
4503, 1, 387, 532, 376, 0, 22.86%, 107, 0, 14, 166.11, 628698, 431
4508, 1, 447, 533, 377, 0, 22.86%, 107, 0, 14, 83.83, 629077, 431
4513, 1, 447, 533, 377, 0, 22.86%, 107, 0, 14, 45.21, 629260, 431
4518, 1, 447, 533, 377, 0, 22.86%, 107, 0, 14, 134.03, 629469, 431
4523, 1, 447, 533, 377, 0, 22.86%, 107, 0, 14, 59.04, 629660, 431
4528, 1, 227, 534, 377, 0, 22.86%, 107, 0, 14, 133.10, 630359, 431
4534, 1, 437, 534, 377, 0, 22.86%, 107, 0, 14, 99.04, 630892, 431
4539, 1, 437, 534, 377, 0, 22.86%, 107, 0, 14, 62.31, 631139, 431
4544, 1, 401, 534, 377, 0, 22.86%, 107, 0, 14, 103.36, 631602, 431
4549, 1, 518, 534, 377, 0, 22.86%, 107, 0, 14, 173.03, 632548, 431
4554, 1, 188, 534, 377, 0, 22.86%, 107, 0, 14, 166.53, 633352, 431
4559, 1, 278, 534, 377, 0, 22.86%, 107, 0, 14, 167.08, 634216, 431
4564, 1, 512, 535, 378, 0, 22.86%, 107, 0, 14, 164.69, 635061, 431
4569, 1, 512, 535, 378, 0, 22.86%, 107, 0, 14, 165.75, 635907, 431
4574, 1, 512, 535, 378, 0, 22.86%, 107, 0, 14, 163.03, 636720, 431
4579, 1, 512, 535, 378, 0, 22.86%, 107, 0, 14, 163.27, 637539, 431
4579, 1, 512, 535, 378, 0, 22.86%, 107, 0, 14, 0.00, 637656, 431
4584, 1, 425, 535, 378, 0, 22.86%, 107, 0, 14, 140.12, 638391, 431
4589, 1, 425, 536, 379, 0, 22.86%, 107, 0, 14, 83.48, 638704, 431
4594, 1, 425, 536, 379, 0, 22.86%, 107, 0, 14, 82.47, 639102, 431
4600, 1, 425, 536, 379, 0, 22.86%, 107, 0, 14, 53.45, 639328, 431
4605, 1, 329, 536, 378, 0, 22.86%, 107, 0, 14, 143.65, 640147, 431
4610, 1, 437, 536, 378, 0, 22.86%, 107, 0, 14, 104.63, 640709, 431
4615, 1, 437, 536, 378, 0, 22.86%, 107, 0, 14, 41.99, 641066, 431
4620, 1, 184, 536, 378, 0, 22.86%, 107, 0, 14, 133.60, 641829, 431
4625, 1, 508, 536, 378, 0, 22.86%, 107, 0, 14, 164.41, 642706, 431
4630, 1, 508, 536, 378, 0, 22.86%, 107, 0, 14, 170.55, 643590, 431
4635, 1, 508, 536, 378, 0, 22.86%, 107, 0, 14, 173.40, 644459, 431
4641, 1, 508, 536, 378, 0, 22.86%, 107, 0, 14, 171.85, 645358, 431
4646, 1, 244, 536, 378, 0, 22.86%, 107, 0, 14, 172.58, 646357, 431
4651, 1, 518, 536, 378, 0, 22.86%, 108, 0, 14, 154.21, 647100, 431
4656, 1, 437, 536, 378, 0, 22.86%, 108, 0, 14, 99.28, 647536, 431
4661, 1, 508, 536, 378, 0, 22.86%, 108, 0, 14, 126.27, 648131, 431
4666, 1, 508, 536, 378, 0, 22.86%, 108, 0, 14, 161.16, 649018, 431
4671, 1, 508, 536, 378, 0, 22.86%, 108, 0, 14, 171.17, 649885, 431
4676, 1, 508, 536, 378, 0, 22.86%, 108, 0, 14, 160.89, 650872, 431
4681, 1, 508, 536, 378, 0, 22.86%, 108, 0, 14, 166.76, 651741, 431
4687, 1, 210, 536, 378, 0, 22.86%, 108, 0, 14, 164.73, 652594, 431
4692, 1, 401, 536, 378, 0, 22.86%, 108, 0, 14, 160.64, 653397, 431
4697, 1, 352, 536, 378, 0, 22.86%, 108, 0, 14, 165.93, 654249, 431
4702, 1, 200, 536, 378, 0, 22.86%, 108, 0, 14, 167.47, 655119, 431
4707, 1, 352, 536, 377, 0, 22.86%, 108, 0, 14, 170.43, 656132, 431
4712, 1, 176, 536, 377, 0, 22.86%, 108, 0, 14, 165.79, 656975, 431
4717, 1, 303, 536, 377, 0, 22.86%, 108, 0, 14, 168.55, 657849, 431
4722, 1, 200, 538, 379, 0, 22.86%, 108, 0, 14, 166.05, 658681, 431
4728, 1, 276, 538, 379, 0, 22.86%, 108, 0, 14, 168.42, 659549, 431
4733, 1, 436, 538, 379, 0, 22.86%, 108, 0, 14, 164.78, 660396, 431
4738, 1, 436, 538, 379, 0, 22.86%, 108, 0, 14, 171.17, 661363, 431
4743, 1, 369, 538, 379, 0, 22.86%, 108, 0, 14, 166.00, 662195, 431
4748, 1, 262, 538, 379, 0, 22.86%, 108, 0, 14, 169.17, 663075, 431
4753, 1, 518, 538, 379, 0, 22.86%, 108, 0, 14, 155.28, 663857, 431
4758, 1, 437, 538, 379, 0, 22.86%, 108, 0, 14, 99.96, 664331, 431
4764, 1, 437, 538, 379, 0, 22.86%, 108, 0, 14, 61.25, 664596, 431
4769, 1, 171, 538, 378, 0, 22.86%, 108, 0, 14, 166.88, 665456, 431
4774, 1, 200, 538, 378, 0, 22.86%, 108, 0, 14, 162.11, 666266, 431
4779, 1, 200, 538, 378, 0, 22.86%, 108, 0, 14, 159.94, 667066, 431
4784, 1, 528, 539, 379, 0, 22.86%, 108, 0, 14, 163.25, 667896, 431
4789, 1, 528, 539, 379, 0, 22.86%, 108, 0, 14, 161.39, 668717, 431
4794, 1, 227, 539, 379, 0, 22.86%, 108, 0, 14, 164.79, 669543, 431
4799, 1, 524, 539, 379, 0, 22.86%, 108, 0, 14, 165.29, 670381, 431
4804, 1, 401, 542, 381, 0, 22.86%, 108, 0, 14, 161.90, 671339, 431
4809, 1, 401, 543, 382, 0, 22.86%, 108, 0, 14, 163.74, 672153, 431
4814, 1, 144, 543, 381, 0, 22.86%, 108, 0, 14, 95.59, 672655, 431
4819, 1, 262, 543, 381, 0, 22.86%, 108, 0, 14, 117.08, 673165, 431
4824, 1, 270, 543, 381, 0, 22.86%, 108, 0, 14, 133.11, 673919, 431
4829, 1, 270, 543, 381, 0, 22.86%, 108, 0, 14, 91.06, 674314, 431
4835, 1, 270, 543, 381, 0, 22.86%, 108, 0, 14, 159.16, 675132, 431
4840, 1, 270, 543, 381, 0, 22.86%, 109, 0, 14, 78.13, 675410, 431
4845, 1, 270, 543, 381, 0, 22.86%, 109, 0, 14, 63.78, 675670, 431
4850, 1, 223, 543, 381, 0, 22.86%, 109, 0, 14, 137.89, 676373, 431
4855, 1, 278, 543, 381, 0, 22.86%, 109, 0, 14, 160.07, 677237, 431
4860, 1, 401, 543, 381, 0, 22.86%, 109, 0, 14, 161.43, 678047, 431
4865, 1, 492, 543, 381, 0, 22.86%, 109, 0, 14, 161.39, 678963, 431
4870, 1, 144, 543, 380, 0, 22.86%, 109, 0, 14, 115.08, 679575, 431
4876, 1, 144, 543, 380, 0, 22.86%, 109, 0, 14, 66.72, 679867, 431
4881, 1, 497, 543, 380, 0, 22.86%, 109, 0, 14, 63.48, 680163, 431
4886, 1, 280, 543, 380, 0, 22.86%, 109, 0, 14, 140.98, 680991, 431
4891, 1, 408, 543, 380, 0, 22.86%, 109, 0, 14, 155.37, 681802, 431
4896, 1, 210, 543, 380, 0, 22.86%, 109, 0, 14, 139.23, 682812, 431
4901, 1, 200, 543, 380, 0, 22.86%, 109, 0, 14, 166.12, 683709, 431
4906, 1, 518, 543, 380, 0, 22.86%, 109, 0, 14, 151.71, 684491, 431
4911, 1, 534, 543, 380, 0, 22.86%, 109, 0, 14, 158.15, 685281, 431
4916, 1, 262, 543, 379, 0, 22.86%, 109, 0, 14, 162.42, 686100, 431
4921, 1, 465, 543, 379, 0, 22.86%, 109, 0, 14, 167.78, 686959, 431
4926, 1, 210, 543, 379, 0, 22.86%, 109, 0, 14, 149.81, 687936, 431
4932, 1, 518, 543, 379, 0, 22.86%, 109, 0, 14, 156.03, 688748, 431
4937, 1, 220, 544, 380, 0, 22.86%, 109, 0, 14, 163.36, 689605, 431
4942, 1, 411, 544, 380, 0, 22.86%, 109, 0, 14, 168.55, 690483, 431
4947, 1, 352, 544, 380, 0, 22.86%, 109, 0, 14, 162.68, 691280, 431
4952, 1, 262, 544, 380, 0, 22.86%, 109, 0, 14, 165.83, 692141, 431
4957, 1, 518, 544, 380, 0, 22.86%, 109, 0, 14, 156.87, 692946, 431
4957, 1, 518, 544, 380, 0, 22.86%, 109, 0, 14, 0.00, 692982, 431
4962, 1, 394, 544, 380, 0, 22.86%, 109, 0, 14, 150.82, 693783, 431
4967, 1, 437, 544, 380, 0, 22.86%, 109, 0, 14, 133.09, 694505, 431
4972, 1, 437, 544, 380, 0, 22.86%, 109, 0, 14, 72.64, 694805, 431
4977, 1, 437, 544, 380, 0, 22.86%, 109, 0, 14, 49.12, 694991, 431
4982, 1, 401, 544, 380, 0, 22.86%, 109, 0, 14, 116.63, 695577, 431
4987, 1, 200, 544, 380, 0, 22.86%, 109, 0, 14, 161.56, 696460, 431
4992, 1, 188, 544, 380, 0, 22.86%, 109, 0, 14, 169.53, 697462, 431
4997, 1, 402, 544, 380, 0, 22.86%, 109, 0, 14, 156.73, 698258, 431
5002, 1, 278, 544, 379, 0, 22.86%, 109, 0, 14, 163.99, 699096, 431
5007, 1, 464, 545, 380, 0, 22.86%, 109, 0, 14, 169.75, 699954, 431
5012, 1, 117, 545, 380, 0, 22.86%, 109, 0, 14, 164.34, 700791, 431
5018, 1, 188, 545, 380, 0, 22.86%, 109, 0, 14, 169.01, 701646, 431
5023, 1, 408, 545, 380, 0, 22.86%, 109, 0, 14, 167.24, 702649, 431
5028, 1, 12, 545, 380, 0, 22.86%, 109, 0, 14, 166.58, 703485, 431
5033, 1, 370, 545, 380, 0, 22.86%, 109, 0, 14, 164.58, 704332, 431
5038, 1, 465, 545, 380, 0, 22.86%, 109, 0, 14, 162.07, 705164, 431
5043, 1, 463, 545, 380, 0, 22.86%, 109, 0, 14, 168.09, 706025, 431
5048, 1, 437, 545, 380, 0, 22.86%, 109, 0, 14, 151.24, 706805, 431
5053, 1, 437, 545, 380, 0, 22.86%, 109, 0, 14, 38.42, 707123, 431
5058, 1, 361, 545, 380, 0, 22.86%, 109, 0, 14, 63.00, 707461, 431
5063, 1, 518, 545, 380, 0, 22.86%, 109, 0, 14, 126.30, 708216, 431
5068, 1, 437, 545, 380, 0, 22.86%, 109, 0, 14, 102.64, 708792, 431
5074, 1, 437, 545, 380, 0, 22.86%, 109, 0, 14, 54.77, 709030, 431
5079, 1, 394, 545, 380, 0, 22.86%, 109, 0, 14, 69.84, 709350, 431
5084, 1, 518, 546, 381, 0, 22.86%, 109, 0, 14, 170.66, 710275, 431
5089, 1, 170, 546, 381, 0, 22.86%, 109, 0, 14, 160.79, 711049, 431
5094, 1, 355, 546, 381, 0, 22.86%, 109, 0, 14, 161.47, 711897, 431
5099, 1, 0, 546, 381, 0, 22.86%, 109, 0, 14, 164.35, 712754, 431
5104, 1, 0, 546, 381, 0, 22.86%, 109, 0, 14, 167.83, 713594, 431
5109, 1, 387, 546, 381, 0, 22.86%, 109, 0, 14, 163.58, 714429, 431
5114, 1, 453, 546, 381, 0, 22.86%, 109, 0, 14, 107.27, 714927, 431
5114, 1, 453, 546, 381, 0, 22.86%, 109, 0, 14, 0.00, 714941, 431
5119, 1, 453, 547, 382, 0, 22.86%, 109, 0, 14, 44.44, 715217, 431
5124, 1, 227, 547, 381, 0, 22.86%, 109, 0, 14, 145.48, 716086, 431
5129, 1, 401, 548, 382, 0, 22.86%, 109, 0, 14, 163.07, 716930, 431
5134, 1, 262, 548, 382, 0, 22.86%, 109, 0, 14, 166.90, 717768, 431
5139, 1, 453, 548, 382, 0, 22.86%, 109, 0, 14, 106.53, 718294, 431
5144, 1, 453, 548, 382, 0, 22.86%, 109, 0, 14, 64.84, 718593, 431
5150, 1, 453, 548, 382, 0, 22.86%, 109, 0, 14, 24.29, 718965, 431
5155, 1, 453, 548, 382, 0, 22.86%, 109, 0, 14, 35.37, 719190, 431
5160, 1, 223, 548, 382, 0, 22.86%, 109, 0, 14, 174.24, 719494, 431
5165, 1, 332, 549, 383, 0, 22.86%, 109, 0, 14, 169.69, 720346, 431
5170, 1, 519, 549, 383, 0, 22.86%, 109, 0, 14, 160.66, 721143, 431
5175, 1, 176, 549, 382, 0, 22.86%, 109, 0, 14, 160.69, 721994, 431
5180, 1, 210, 549, 382, 0, 22.86%, 109, 0, 14, 167.53, 722998, 431
5185, 1, 508, 549, 382, 0, 22.86%, 109, 0, 14, 172.74, 723897, 431
5190, 1, 268, 549, 382, 0, 22.86%, 109, 0, 14, 164.77, 724730, 431
5196, 1, 528, 549, 382, 0, 22.86%, 109, 0, 14, 169.33, 725607, 431
5201, 1, 528, 550, 383, 0, 22.86%, 109, 0, 14, 162.80, 726429, 431
5206, 1, 257, 550, 383, 0, 22.86%, 109, 0, 14, 164.85, 727252, 431
5211, 1, 401, 550, 383, 0, 22.86%, 109, 0, 14, 170.86, 728213, 431
5216, 1, 408, 550, 383, 0, 22.86%, 109, 0, 14, 166.96, 729065, 431
5221, 1, 360, 550, 383, 0, 22.86%, 109, 0, 14, 165.39, 729926, 431
5226, 1, 389, 550, 383, 0, 22.86%, 109, 0, 14, 165.06, 730775, 431
5232, 1, 427, 550, 383, 0, 22.86%, 109, 0, 14, 164.79, 731614, 431
5237, 1, 262, 551, 383, 0, 22.86%, 109, 0, 14, 162.61, 732458, 431
5242, 1, 210, 551, 383, 0, 22.86%, 109, 0, 14, 175.89, 733492, 431
5247, 1, 283, 551, 383, 0, 22.86%, 109, 0, 14, 172.38, 734371, 431
5252, 1, 361, 551, 382, 0, 22.86%, 109, 0, 14, 166.39, 735225, 431
5257, 1, 476, 551, 382, 0, 22.86%, 109, 0, 14, 92.11, 735664, 431
5263, 1, 476, 552, 383, 0, 22.86%, 109, 0, 14, 77.12, 736005, 431
5268, 1, 226, 552, 383, 0, 22.86%, 109, 0, 14, 133.02, 736652, 431
5273, 1, 346, 552, 383, 0, 22.86%, 109, 0, 14, 169.89, 737615, 431
5278, 1, 210, 552, 383, 0, 22.86%, 109, 0, 14, 173.60, 738510, 431
5283, 1, 465, 552, 383, 0, 22.86%, 109, 0, 14, 170.64, 739381, 431
5288, 1, 210, 552, 383, 0, 22.86%, 109, 0, 14, 163.81, 740221, 431
5293, 1, 394, 552, 383, 0, 22.86%, 109, 0, 14, 164.29, 741046, 431
5299, 1, 270, 552, 383, 0, 22.86%, 109, 0, 14, 117.82, 741671, 431
5304, 1, 270, 552, 383, 0, 22.86%, 109, 0, 14, 48.00, 741976, 431
5309, 1, 268, 552, 383, 0, 22.86%, 109, 0, 14, 103.03, 742464, 431
5314, 1, 465, 552, 383, 0, 22.86%, 109, 0, 14, 148.85, 743290, 431
5319, 1, 465, 552, 383, 0, 22.86%, 109, 0, 14, 163.37, 744159, 431
5324, 1, 518, 552, 383, 0, 22.86%, 109, 0, 14, 151.48, 744892, 431
5329, 1, 425, 553, 384, 0, 22.86%, 109, 0, 14, 99.66, 745398, 431
5334, 1, 425, 553, 384, 0, 22.86%, 109, 0, 14, 64.54, 745666, 431
5334, 1, 425, 553, 384, 0, 22.86%, 109, 0, 14, 0.00, 745694, 431
5339, 1, 425, 553, 384, 0, 22.86%, 109, 0, 14, 56.88, 746005, 431
5345, 1, 510, 553, 384, 0, 22.86%, 109, 0, 14, 55.24, 746263, 431
5350, 1, 401, 553, 384, 0, 22.86%, 109, 0, 14, 139.37, 747036, 431
5355, 1, 401, 553, 384, 0, 22.86%, 109, 0, 14, 158.95, 747871, 431
5360, 1, 516, 554, 385, 0, 22.86%, 109, 0, 14, 162.73, 748716, 431
5365, 1, 453, 555, 385, 0, 22.86%, 109, 0, 14, 120.36, 749355, 431
5370, 1, 453, 556, 386, 0, 22.86%, 109, 0, 14, 46.59, 749667, 431
5375, 1, 453, 556, 386, 0, 22.86%, 109, 0, 14, 49.00, 749906, 431
5380, 1, 262, 556, 386, 0, 22.86%, 109, 0, 14, 137.27, 750650, 431
5385, 1, 171, 556, 386, 0, 22.86%, 109, 0, 14, 162.05, 751529, 431
5391, 1, 401, 556, 386, 0, 22.86%, 109, 0, 14, 162.54, 752367, 431
5396, 1, 453, 556, 386, 0, 22.86%, 109, 0, 14, 164.03, 753192, 431
5401, 1, 453, 556, 386, 0, 22.86%, 109, 0, 14, 61.41, 753532, 431
5406, 1, 453, 556, 386, 0, 22.86%, 109, 0, 14, 52.34, 753782, 431
5411, 1, 337, 556, 386, 0, 22.86%, 109, 0, 14, 128.91, 754458, 431
5416, 1, 528, 556, 386, 0, 22.86%, 109, 0, 14, 151.75, 755259, 431
5421, 1, 497, 556, 386, 0, 22.86%, 109, 0, 14, 156.80, 756087, 431
5426, 1, 510, 556, 385, 0, 22.86%, 109, 0, 14, 164.81, 756961, 431
5431, 1, 172, 556, 385, 0, 22.86%, 109, 0, 14, 157.56, 757792, 431
5436, 1, 363, 556, 385, 0, 22.86%, 109, 0, 14, 164.41, 758635, 431
5441, 1, 528, 556, 385, 0, 22.86%, 109, 0, 14, 161.18, 759445, 431
5446, 1, 283, 557, 386, 0, 22.86%, 109, 0, 14, 165.17, 760271, 431
5452, 1, 343, 557, 386, 0, 22.86%, 109, 0, 14, 168.80, 761149, 431
5457, 1, 394, 557, 386, 0, 22.86%, 109, 0, 14, 168.82, 761995, 431
5462, 1, 411, 557, 386, 0, 22.86%, 109, 0, 14, 171.10, 762974, 431
5467, 1, 518, 557, 386, 0, 22.86%, 109, 0, 14, 158.14, 763797, 431
5472, 1, 142, 557, 386, 0, 22.86%, 109, 0, 14, 149.44, 764529, 431
5477, 1, 326, 557, 385, 0, 22.86%, 109, 0, 14, 165.92, 765408, 431
5482, 1, 283, 557, 385, 0, 22.86%, 109, 0, 14, 159.93, 766222, 431
5488, 1, 401, 557, 385, 0, 22.86%, 109, 0, 14, 166.50, 767078, 431
5493, 1, 517, 557, 385, 0, 22.86%, 109, 0, 14, 23.85, 767604, 431
5498, 1, 508, 557, 384, 0, 22.86%, 109, 0, 14, 98.43, 768131, 431
5503, 1, 0, 557, 384, 0, 22.86%, 109, 0, 14, 154.40, 769004, 431
5508, 1, 0, 557, 384, 0, 22.86%, 109, 0, 14, 157.85, 769804, 431
5513, 1, 0, 557, 384, 0, 22.86%, 109, 0, 14, 165.22, 770672, 431
5518, 1, 453, 557, 384, 0, 22.86%, 109, 0, 14, 107.70, 771212, 431
5523, 1, 453, 557, 384, 0, 22.86%, 109, 0, 14, 59.67, 771484, 431
5523, 1, 453, 557, 384, 0, 22.86%, 109, 0, 14, 0.00, 771550, 431
5528, 1, 427, 558, 385, 0, 22.86%, 109, 0, 14, 103.28, 771977, 431
5534, 1, 427, 558, 385, 0, 22.86%, 109, 0, 14, 158.00, 772861, 431
5539, 1, 427, 559, 386, 0, 22.86%, 109, 0, 14, 162.47, 773693, 431
5544, 1, 278, 559, 386, 0, 22.86%, 109, 0, 14, 165.47, 774526, 431
5549, 1, 200, 559, 386, 0, 22.86%, 109, 0, 14, 168.08, 775397, 431
5554, 1, 120, 559, 386, 0, 22.86%, 109, 0, 14, 172.24, 776296, 431
5559, 1, 465, 559, 385, 0, 22.86%, 109, 0, 14, 173.17, 777292, 431
5564, 1, 283, 559, 385, 0, 22.86%, 109, 0, 14, 171.23, 778151, 431
5569, 1, 453, 559, 385, 0, 22.86%, 109, 0, 14, 160.32, 778965, 431
5574, 1, 453, 559, 385, 0, 22.86%, 109, 0, 14, 73.69, 779255, 431
5579, 1, 453, 559, 385, 0, 22.86%, 109, 0, 14, 51.85, 779542, 431
5585, 1, 427, 559, 385, 0, 22.86%, 109, 0, 14, 118.09, 780109, 431
5590, 1, 260, 559, 385, 0, 22.86%, 109, 0, 14, 168.12, 781079, 431
5595, 1, 156, 559, 385, 0, 22.86%, 109, 0, 14, 161.01, 781919, 431
5600, 1, 283, 559, 384, 0, 22.86%, 109, 0, 14, 167.03, 782780, 431
5605, 1, 326, 559, 384, 0, 22.86%, 109, 0, 14, 167.07, 783643, 431
5610, 1, 480, 559, 384, 0, 22.86%, 109, 0, 14, 95.67, 784062, 431
5615, 1, 480, 559, 384, 0, 22.86%, 109, 0, 14, 59.61, 784330, 431
5621, 1, 63, 559, 383, 0, 22.86%, 109, 0, 14, 168.92, 785166, 431
5626, 1, 251, 559, 382, 0, 22.86%, 109, 0, 14, 170.21, 786051, 431
5631, 1, 381, 559, 381, 0, 22.86%, 109, 0, 14, 169.85, 786924, 431
5636, 1, 277, 559, 381, 0, 22.86%, 109, 0, 14, 167.56, 787759, 431
5641, 1, 48, 559, 380, 0, 22.86%, 109, 0, 14, 169.11, 788643, 431
5646, 1, 465, 559, 380, 0, 22.86%, 109, 0, 14, 170.23, 789492, 431
5651, 1, 427, 559, 380, 0, 22.86%, 109, 0, 14, 166.43, 790460, 431
5656, 1, 427, 560, 381, 0, 22.86%, 109, 0, 14, 167.83, 791328, 431
5662, 1, 278, 560, 381, 0, 22.86%, 109, 0, 14, 167.60, 792193, 431
5667, 1, 283, 560, 381, 0, 22.86%, 109, 0, 14, 165.24, 793022, 431
5672, 1, 401, 560, 381, 0, 22.86%, 109, 0, 14, 165.54, 793859, 431
5677, 1, 283, 560, 381, 0, 22.86%, 109, 0, 14, 166.23, 794683, 431
5682, 1, 453, 560, 381, 0, 22.86%, 109, 0, 14, 128.30, 795091, 431
5687, 1, 283, 560, 381, 0, 22.86%, 109, 0, 14, 126.18, 795601, 431
5692, 1, 510, 560, 381, 0, 22.86%, 109, 0, 14, 137.18, 796332, 431
5697, 1, 283, 560, 381, 0, 22.86%, 109, 0, 14, 157.28, 797169, 431
5702, 1, 270, 560, 381, 0, 22.86%, 109, 0, 14, 96.17, 797634, 431
5707, 1, 270, 560, 381, 0, 22.86%, 109, 0, 14, 67.16, 797898, 431
5712, 1, 227, 560, 381, 0, 22.86%, 109, 0, 14, 114.88, 798429, 431
5717, 1, 401, 560, 381, 0, 22.86%, 109, 0, 14, 164.20, 799397, 431
5722, 1, 518, 560, 381, 0, 22.86%, 109, 0, 14, 170.85, 800264, 431
5727, 1, 518, 560, 381, 0, 22.86%, 109, 0, 14, 154.43, 800976, 431
5733, 1, 120, 560, 381, 0, 22.86%, 109, 0, 14, 159.79, 801798, 431
5738, 1, 518, 560, 381, 0, 22.86%, 109, 0, 14, 154.59, 802595, 431
5743, 1, 425, 560, 381, 0, 22.86%, 109, 0, 14, 91.96, 803048, 431
5748, 1, 425, 560, 381, 0, 22.86%, 109, 0, 14, 57.96, 803400, 431
5753, 1, 425, 560, 381, 0, 22.86%, 109, 0, 14, 73.36, 803725, 431
5758, 1, 200, 560, 381, 0, 22.86%, 109, 0, 14, 95.96, 804117, 431
5763, 1, 283, 560, 381, 0, 22.86%, 109, 0, 14, 153.02, 804981, 431
5768, 1, 369, 560, 381, 0, 22.86%, 109, 0, 14, 165.31, 805826, 431
5774, 1, 275, 560, 381, 0, 22.86%, 109, 0, 14, 168.27, 806707, 431
5779, 1, 411, 560, 381, 0, 22.86%, 109, 0, 14, 159.50, 807666, 431
5784, 1, 401, 560, 381, 0, 22.86%, 109, 0, 14, 157.71, 808447, 431
5789, 1, 427, 560, 381, 0, 22.86%, 109, 0, 14, 166.63, 809314, 431
5794, 1, 444, 562, 383, 0, 22.86%, 109, 0, 14, 164.51, 810134, 431
5799, 1, 444, 562, 383, 0, 22.86%, 109, 0, 14, 165.01, 810971, 431
5804, 1, 283, 562, 382, 0, 22.86%, 109, 0, 14, 165.71, 811838, 431
5809, 1, 283, 562, 382, 0, 22.86%, 109, 0, 14, 171.23, 812829, 431
5814, 1, 283, 562, 382, 0, 22.86%, 109, 0, 14, 169.24, 813683, 431
5819, 1, 292, 562, 382, 0, 22.86%, 109, 0, 14, 170.11, 814536, 431
5824, 1, 210, 562, 382, 0, 22.86%, 109, 0, 14, 170.21, 815378, 431
5829, 1, 528, 562, 382, 0, 22.86%, 109, 0, 14, 158.56, 816153, 431
5835, 1, 500, 562, 382, 0, 22.86%, 109, 0, 14, 165.30, 816991, 431
5840, 1, 278, 562, 381, 0, 22.86%, 109, 0, 14, 152.25, 817956, 431
5845, 1, 210, 562, 381, 0, 22.86%, 109, 0, 14, 164.51, 818832, 431
5850, 1, 262, 562, 381, 0, 22.86%, 109, 0, 14, 164.07, 819655, 431
5855, 1, 63, 562, 381, 0, 22.86%, 109, 0, 14, 167.05, 820534, 431
5860, 1, 401, 562, 381, 0, 22.86%, 109, 0, 14, 164.26, 821376, 431
5865, 1, 453, 562, 381, 0, 22.86%, 109, 0, 14, 99.43, 821844, 431
5871, 1, 453, 562, 381, 0, 22.86%, 109, 0, 14, 46.92, 822033, 431
5870, 1, 453, 562, 381, 0, 22.86%, 109, 0, 14, 0.00, 822035, 431
5875, 1, 283, 562, 381, 0, 22.86%, 109, 0, 14, 177.34, 822275, 431
5880, 1, 448, 563, 382, 0, 22.86%, 109, 0, 14, 167.70, 823108, 431
5885, 1, 465, 563, 382, 0, 22.86%, 109, 0, 14, 162.92, 823946, 431
5890, 1, 200, 563, 382, 0, 22.86%, 109, 0, 14, 169.43, 824809, 431
5895, 1, 48, 563, 382, 0, 22.86%, 109, 0, 14, 167.31, 825670, 431
5901, 1, 283, 563, 382, 0, 22.86%, 109, 0, 14, 166.43, 826523, 431
5906, 1, 262, 563, 382, 0, 22.86%, 109, 0, 14, 164.32, 827487, 431
5911, 1, 508, 563, 382, 0, 22.86%, 109, 0, 14, 166.34, 828356, 431
5916, 1, 262, 563, 382, 0, 22.86%, 109, 0, 14, 172.16, 829232, 431
5921, 1, 287, 563, 382, 0, 22.86%, 109, 0, 14, 167.02, 830070, 431
5926, 1, 278, 563, 381, 0, 22.86%, 109, 0, 14, 166.99, 830903, 431
5931, 1, 436, 563, 381, 0, 22.86%, 109, 0, 14, 164.87, 831738, 431
5936, 1, 303, 564, 382, 0, 22.86%, 109, 0, 14, 164.63, 832704, 431
5941, 1, 200, 564, 382, 0, 22.86%, 109, 0, 14, 167.23, 833562, 431
5946, 1, 453, 564, 382, 0, 22.86%, 109, 0, 14, 109.95, 834102, 431
5951, 1, 453, 564, 382, 0, 22.86%, 109, 0, 14, 73.03, 834429, 431
5957, 1, 280, 564, 382, 0, 22.86%, 109, 0, 14, 145.65, 835239, 431
5962, 1, 453, 564, 382, 0, 22.86%, 109, 0, 14, 154.14, 836071, 431
5967, 1, 453, 564, 382, 0, 22.86%, 109, 0, 14, 24.60, 836466, 431
5972, 1, 453, 565, 383, 0, 22.86%, 109, 0, 14, 35.08, 836679, 431
5977, 1, 518, 565, 383, 0, 22.86%, 109, 0, 14, 127.56, 837461, 431
5982, 1, 453, 565, 383, 0, 22.86%, 109, 0, 14, 105.81, 838051, 431
5987, 1, 453, 565, 383, 0, 22.86%, 109, 0, 14, 70.32, 838400, 431
5993, 1, 465, 565, 383, 0, 22.86%, 109, 0, 14, 83.55, 838722, 431
5998, 1, 337, 565, 383, 0, 22.86%, 109, 0, 14, 167.62, 839696, 431
6003, 1, 283, 565, 383, 0, 22.86%, 109, 0, 14, 169.26, 840544, 431
6008, 1, 408, 565, 383, 0, 22.86%, 109, 0, 14, 162.11, 841360, 431
6013, 1, 337, 565, 383, 0, 22.86%, 109, 0, 14, 172.78, 842263, 431
6018, 1, 283, 565, 383, 0, 22.86%, 109, 0, 14, 170.92, 843152, 431
6023, 1, 528, 565, 383, 0, 22.86%, 109, 0, 14, 165.51, 843978, 431
6028, 1, 453, 565, 383, 0, 22.86%, 109, 0, 14, 106.55, 844513, 431
6027, 1, 453, 565, 383, 0, 22.86%, 109, 0, 14, 0.00, 844515, 431
6033, 1, 453, 565, 383, 0, 22.86%, 109, 0, 14, 77.09, 844839, 431
6038, 1, 283, 565, 383, 0, 22.86%, 109, 0, 14, 114.13, 845364, 431
6043, 1, 508, 565, 383, 0, 22.86%, 109, 0, 14, 160.00, 846243, 431
6048, 1, 262, 565, 383, 0, 22.86%, 109, 0, 14, 167.17, 847089, 431
6053, 1, 283, 565, 383, 0, 22.86%, 109, 0, 14, 167.60, 847943, 431
6058, 1, 408, 565, 383, 0, 22.86%, 109, 0, 14, 170.92, 848810, 431
6063, 1, 381, 565, 383, 0, 22.86%, 109, 0, 14, 171.10, 849820, 431
6068, 1, 266, 566, 384, 0, 22.86%, 109, 0, 14, 172.83, 850713, 431
6073, 1, 89, 566, 383, 0, 22.86%, 109, 0, 14, 164.11, 851521, 431
6079, 1, 453, 566, 382, 0, 22.86%, 109, 0, 14, 114.06, 852111, 431
6084, 1, 453, 566, 382, 0, 22.86%, 109, 0, 14, 68.81, 852404, 431
6089, 1, 361, 566, 382, 0, 22.86%, 109, 0, 14, 87.29, 852744, 431
6094, 1, 559, 567, 383, 0, 22.86%, 109, 0, 14, 170.55, 853739, 431
6099, 1, 453, 567, 382, 0, 22.86%, 109, 0, 14, 124.21, 854409, 431
6104, 1, 453, 567, 382, 0, 22.86%, 109, 0, 14, 88.07, 854844, 431
6109, 1, 283, 567, 382, 0, 22.86%, 109, 0, 14, 149.37, 855655, 431
6115, 1, 283, 567, 382, 0, 22.86%, 109, 0, 14, 166.87, 856516, 431
6120, 1, 200, 568, 383, 0, 22.86%, 109, 0, 14, 158.35, 857318, 431
6125, 1, 453, 568, 383, 0, 22.86%, 109, 0, 14, 118.60, 858148, 431
6130, 1, 453, 568, 383, 0, 22.86%, 109, 0, 14, 76.98, 858456, 431
6135, 1, 409, 568, 383, 0, 22.86%, 109, 0, 14, 120.83, 859028, 431
6140, 1, 378, 568, 383, 0, 22.86%, 109, 0, 14, 156.13, 859880, 431
6146, 1, 337, 568, 382, 0, 22.86%, 109, 0, 14, 160.43, 860704, 431
6151, 1, 427, 568, 382, 0, 22.86%, 109, 0, 14, 169.04, 861557, 431
6156, 1, 363, 568, 382, 0, 22.86%, 109, 0, 14, 174.16, 862541, 431
6161, 1, 326, 568, 382, 0, 22.86%, 109, 0, 14, 162.79, 863364, 431
6166, 1, 528, 568, 382, 0, 22.86%, 109, 0, 14, 161.25, 864175, 431
6171, 1, 283, 568, 382, 0, 22.86%, 109, 0, 14, 160.74, 864970, 431
6176, 1, 465, 568, 382, 0, 22.86%, 109, 0, 14, 166.53, 865817, 431
6181, 1, 283, 568, 382, 0, 22.86%, 109, 0, 14, 163.65, 866661, 431
6186, 1, 453, 568, 382, 0, 22.86%, 109, 0, 14, 75.95, 867290, 431
6191, 1, 453, 568, 382, 0, 22.86%, 109, 0, 14, 70.75, 867582, 431
6196, 1, 350, 568, 382, 0, 22.86%, 109, 0, 14, 129.77, 868229, 431
6201, 1, 350, 569, 383, 0, 22.86%, 109, 0, 14, 156.94, 869066, 431
6207, 1, 16, 569, 382, 0, 22.86%, 109, 0, 14, 164.88, 869934, 431
6212, 1, 227, 569, 381, 0, 22.86%, 109, 0, 14, 166.79, 870795, 431
6217, 1, 303, 569, 381, 0, 22.86%, 109, 0, 14, 167.53, 871651, 431
6217, 1, 303, 569, 381, 0, 22.86%, 109, 0, 14, 0.00, 871719, 431
6222, 1, 448, 569, 381, 0, 22.86%, 109, 0, 14, 172.15, 872617, 431
6227, 1, 437, 569, 381, 0, 22.86%, 109, 0, 14, 101.00, 873025, 431
6232, 1, 278, 569, 381, 0, 22.86%, 109, 0, 14, 94.85, 873417, 431
6237, 1, 548, 569, 381, 0, 22.86%, 109, 0, 14, 153.01, 874287, 431
6242, 1, 283, 569, 380, 0, 22.86%, 109, 0, 14, 159.94, 875091, 431
6248, 1, 437, 569, 380, 0, 22.86%, 109, 0, 14, 117.77, 875737, 431
6253, 1, 437, 569, 380, 0, 22.86%, 109, 0, 14, 49.30, 876066, 431
6258, 1, 437, 569, 380, 0, 22.86%, 109, 0, 14, 38.15, 876252, 431
6263, 1, 401, 569, 380, 0, 22.86%, 109, 0, 14, 136.70, 877053, 431
6268, 1, 401, 570, 381, 0, 22.86%, 109, 0, 14, 156.41, 877872, 431
6273, 1, 465, 570, 381, 0, 22.86%, 109, 0, 14, 166.37, 878721, 431
6278, 1, 426, 570, 381, 0, 22.86%, 109, 0, 14, 171.33, 879617, 431
6283, 1, 426, 570, 381, 0, 22.86%, 109, 0, 14, 158.25, 880465, 431
6288, 1, 339, 570, 380, 0, 22.86%, 109, 0, 14, 162.77, 881298, 431
6293, 1, 283, 570, 380, 0, 22.86%, 109, 0, 14, 166.03, 882139, 431
6298, 1, 453, 570, 380, 0, 22.86%, 109, 0, 14, 104.15, 882657, 431
6303, 1, 453, 570, 380, 0, 22.86%, 109, 0, 14, 79.08, 883048, 431
6309, 1, 401, 570, 380, 0, 22.86%, 109, 0, 14, 151.30, 883918, 431
6314, 1, 549, 570, 380, 0, 22.86%, 109, 0, 14, 155.56, 884914, 431
6319, 1, 200, 570, 379, 0, 22.86%, 110, 0, 14, 160.19, 885712, 431
6324, 1, 387, 570, 379, 0, 22.86%, 110, 0, 14, 168.01, 886570, 431
6329, 1, 262, 571, 380, 0, 22.86%, 110, 0, 14, 169.75, 887427, 431
6334, 1, 465, 571, 380, 0, 22.86%, 110, 0, 14, 160.50, 888241, 431
6339, 1, 401, 571, 380, 0, 22.86%, 110, 0, 14, 166.13, 889087, 431
6344, 1, 487, 571, 380, 0, 22.86%, 110, 0, 14, 145.12, 890051, 431
6349, 1, 375, 572, 380, 0, 22.86%, 110, 0, 14, 163.30, 890927, 431
6355, 1, 161, 572, 380, 0, 22.86%, 110, 0, 14, 169.28, 891809, 431
6360, 1, 0, 572, 380, 0, 22.86%, 110, 0, 14, 160.18, 892610, 431
6365, 1, 0, 572, 380, 0, 22.86%, 110, 0, 14, 158.52, 893407, 431
6370, 1, 437, 572, 380, 0, 22.86%, 110, 0, 14, 122.94, 894067, 431
6375, 1, 437, 572, 380, 0, 22.86%, 110, 0, 14, 73.71, 894405, 431
6374, 1, 437, 572, 380, 0, 22.86%, 110, 0, 14, 0.00, 894420, 431
6379, 1, 163, 572, 380, 0, 22.86%, 110, 0, 14, 107.19, 894855, 431
6385, 1, 411, 572, 380, 0, 22.86%, 110, 0, 14, 154.77, 895716, 431
6390, 1, 369, 572, 380, 0, 22.86%, 110, 0, 14, 169.45, 896606, 431
6395, 1, 427, 572, 380, 0, 22.86%, 110, 0, 14, 166.05, 897469, 431
6400, 1, 437, 572, 380, 0, 22.86%, 111, 0, 14, 161.89, 898258, 431
6405, 1, 437, 572, 380, 0, 22.86%, 111, 0, 14, 87.11, 898575, 431
6410, 1, 437, 572, 380, 0, 22.86%, 111, 0, 14, 55.99, 898839, 431
6415, 1, 262, 573, 381, 0, 22.86%, 111, 0, 14, 134.55, 899559, 431
6420, 1, 456, 575, 383, 0, 22.86%, 111, 0, 14, 161.29, 900406, 431
6425, 1, 456, 575, 383, 0, 22.86%, 111, 0, 14, 167.56, 901257, 431
6430, 1, 210, 575, 382, 0, 22.86%, 111, 0, 14, 162.29, 902069, 431
6435, 1, 48, 575, 382, 0, 22.86%, 111, 0, 14, 159.71, 902866, 431
6441, 1, 369, 575, 382, 0, 22.86%, 111, 0, 14, 170.28, 903830, 431
6446, 1, 401, 575, 382, 0, 22.86%, 111, 0, 14, 165.61, 904682, 431
6451, 1, 510, 575, 382, 0, 22.86%, 111, 0, 14, 161.95, 905519, 431
6456, 1, 111, 575, 382, 0, 22.86%, 111, 0, 14, 157.14, 906305, 431
6461, 1, 453, 575, 382, 0, 22.86%, 111, 0, 14, 99.64, 906798, 431
6466, 1, 453, 575, 382, 0, 22.86%, 111, 0, 14, 59.73, 907070, 431
6471, 1, 210, 575, 382, 0, 22.86%, 111, 0, 14, 172.54, 907778, 431
6476, 1, 528, 575, 382, 0, 22.86%, 111, 0, 14, 169.46, 908623, 431
6482, 1, 174, 575, 382, 0, 22.86%, 111, 0, 14, 161.41, 909418, 431
6487, 1, 427, 575, 382, 0, 22.86%, 111, 0, 14, 169.11, 910307, 431
6492, 1, 363, 575, 382, 0, 22.86%, 111, 0, 14, 167.08, 911153, 431
6497, 1, 283, 575, 382, 0, 22.86%, 111, 0, 14, 168.07, 912003, 431
6502, 1, 176, 575, 382, 0, 22.86%, 111, 0, 14, 174.91, 913016, 431
6507, 1, 283, 575, 382, 0, 22.86%, 111, 0, 14, 166.39, 913878, 431
6512, 1, 283, 575, 382, 0, 22.86%, 111, 0, 14, 162.09, 914713, 431
6517, 1, 275, 575, 382, 0, 22.86%, 111, 0, 14, 165.43, 915548, 431
6523, 1, 283, 575, 382, 0, 22.86%, 111, 0, 14, 171.86, 916439, 431
6528, 1, 549, 575, 382, 0, 22.86%, 111, 0, 14, 169.91, 917316, 431
6533, 1, 549, 575, 382, 0, 22.86%, 111, 0, 14, 167.37, 918170, 431
6532, 1, 549, 575, 382, 0, 22.86%, 111, 0, 14, 0.00, 918182, 431
6537, 1, 0, 575, 382, 0, 22.86%, 111, 0, 14, 167.08, 919042, 431
6542, 1, 0, 575, 382, 0, 22.86%, 111, 0, 14, 162.55, 919856, 431
6547, 1, 303, 575, 382, 0, 22.86%, 111, 0, 14, 166.22, 920692, 431
6552, 1, 176, 575, 382, 0, 22.86%, 111, 0, 14, 162.86, 921516, 431
6557, 1, 453, 576, 383, 0, 22.86%, 111, 0, 14, 157.28, 922323, 431
6562, 1, 453, 576, 383, 0, 22.86%, 111, 0, 14, 96.11, 922700, 431
6568, 1, 408, 577, 384, 0, 22.86%, 111, 0, 14, 164.47, 923357, 431
6573, 1, 408, 577, 384, 0, 22.86%, 111, 0, 14, 167.29, 924204, 431
6578, 1, 329, 577, 384, 0, 22.86%, 111, 0, 14, 166.97, 925049, 431
6583, 1, 275, 577, 384, 0, 22.86%, 111, 0, 14, 168.42, 925912, 431
6588, 1, 453, 577, 384, 0, 22.86%, 111, 0, 14, 103.62, 926374, 431
6593, 1, 453, 577, 384, 0, 22.86%, 111, 0, 14, 66.97, 926679, 431
6598, 1, 401, 577, 384, 0, 22.86%, 111, 0, 14, 147.19, 927551, 431
6603, 1, 518, 577, 384, 0, 22.86%, 111, 0, 14, 148.33, 928319, 431
6608, 1, 200, 577, 384, 0, 22.86%, 111, 0, 14, 158.41, 929120, 431
6613, 1, 453, 578, 385, 0, 22.86%, 111, 0, 14, 111.70, 929678, 431
6618, 1, 453, 578, 385, 0, 22.86%, 111, 0, 14, 75.72, 930009, 431
6624, 1, 200, 578, 385, 0, 22.86%, 111, 0, 14, 146.84, 930821, 431
6629, 1, 369, 578, 385, 0, 22.86%, 111, 0, 14, 181.47, 931785, 431
6634, 1, 470, 578, 385, 0, 22.86%, 111, 0, 14, 165.51, 932601, 431
6639, 2, 470, 578, 384, 0, 22.86%, 111, 0, 14, 167.18, 933465, 431
6644, 2, 470, 579, 385, 0, 22.86%, 111, 0, 14, 168.93, 934342, 431
6649, 2, 470, 579, 385, 0, 22.86%, 111, 0, 14, 167.03, 935200, 431
6654, 2, 283, 580, 386, 0, 22.86%, 111, 0, 14, 171.36, 936056, 431
6659, 2, 470, 581, 387, 0, 22.86%, 111, 0, 14, 175.79, 937030, 431
6664, 2, 470, 581, 387, 0, 22.86%, 111, 0, 14, 168.20, 937864, 431
6669, 2, 426, 582, 388, 0, 22.86%, 111, 0, 14, 159.18, 938679, 431
6674, 2, 426, 582, 388, 0, 22.86%, 111, 0, 14, 154.05, 939421, 431
6680, 2, 540, 584, 390, 0, 22.86%, 111, 0, 15, 159.90, 940243, 431
6685, 2, 540, 585, 391, 0, 22.86%, 111, 0, 15, 164.18, 941096, 431
6690, 2, 540, 587, 393, 0, 22.86%, 111, 0, 15, 166.13, 941947, 431
6695, 2, 540, 588, 394, 0, 22.86%, 111, 0, 15, 164.08, 942914, 431
6700, 2, 540, 588, 394, 0, 22.86%, 111, 0, 15, 165.76, 943769, 431
6705, 2, 540, 589, 395, 0, 22.86%, 111, 0, 15, 164.96, 944625, 431
6710, 2, 540, 589, 395, 0, 22.86%, 111, 0, 15, 165.56, 945477, 431
6716, 2, 540, 589, 395, 0, 22.86%, 111, 0, 15, 163.73, 946308, 431
6721, 2, 540, 589, 395, 0, 22.86%, 111, 0, 15, 165.28, 947163, 431
6726, 2, 540, 589, 395, 0, 22.86%, 111, 0, 15, 166.65, 948141, 431
6731, 2, 540, 590, 396, 0, 22.86%, 111, 0, 15, 163.42, 948970, 431
6736, 2, 540, 590, 396, 0, 22.86%, 111, 0, 15, 164.24, 949795, 431
6741, 2, 540, 590, 396, 0, 22.86%, 111, 0, 15, 163.57, 950629, 431
6746, 2, 540, 590, 396, 0, 22.86%, 111, 0, 15, 165.77, 951478, 431
6751, 2, 540, 590, 396, 0, 22.86%, 111, 0, 15, 167.76, 952336, 431
6756, 2, 540, 590, 396, 0, 22.86%, 111, 0, 15, 167.11, 953298, 431
6762, 2, 387, 591, 396, 0, 22.86%, 111, 0, 15, 162.85, 954127, 431
6767, 2, 575, 592, 397, 0, 22.86%, 111, 0, 15, 165.39, 954967, 431
6772, 2, 453, 592, 396, 0, 22.86%, 111, 0, 15, 122.57, 955603, 431
6777, 2, 453, 592, 396, 0, 22.86%, 111, 0, 15, 96.26, 956001, 431
6782, 2, 401, 592, 395, 0, 22.86%, 111, 0, 15, 152.87, 956840, 431
6787, 2, 343, 592, 395, 0, 22.86%, 111, 0, 15, 167.63, 957781, 431
6792, 2, 335, 593, 395, 1, 22.86%, 111, 0, 15, 166.23, 958613, 431
6797, 2, 262, 593, 394, 0, 22.86%, 111, 0, 15, 168.60, 959476, 431
6802, 2, 408, 593, 394, 0, 22.86%, 111, 0, 15, 165.70, 960301, 431
6808, 2, 226, 593, 394, 0, 22.86%, 111, 0, 15, 169.51, 961177, 431
6813, 2, 582, 593, 394, 0, 22.86%, 111, 0, 15, 147.58, 961919, 431
6818, 2, 582, 593, 394, 0, 22.86%, 111, 0, 15, 138.00, 962724, 431
6823, 2, 582, 593, 394, 0, 22.86%, 111, 0, 15, 154.55, 963520, 431
6828, 2, 283, 594, 394, 0, 22.86%, 111, 0, 15, 164.96, 964374, 431
6833, 2, 283, 594, 393, 0, 22.86%, 111, 0, 15, 169.02, 965262, 431
6839, 2, 337, 594, 393, 0, 22.86%, 111, 0, 15, 170.64, 966147, 431
6844, 2, 280, 594, 393, 0, 22.86%, 111, 0, 15, 168.08, 966980, 431
6849, 2, 226, 594, 393, 0, 22.86%, 111, 0, 15, 137.72, 967835, 431
6854, 2, 278, 594, 393, 0, 22.86%, 111, 0, 15, 165.62, 968736, 431
6859, 2, 481, 594, 393, 0, 22.86%, 111, 0, 15, 158.85, 969540, 431
6864, 2, 283, 595, 394, 0, 22.86%, 111, 0, 15, 167.19, 970381, 431
6869, 2, 476, 595, 394, 0, 22.86%, 111, 0, 15, 117.48, 970970, 431
6874, 2, 476, 595, 394, 0, 22.86%, 111, 0, 15, 69.43, 971310, 431
6879, 2, 497, 595, 394, 0, 22.86%, 111, 0, 15, 139.08, 972063, 431
6879, 2, 497, 595, 394, 0, 22.86%, 111, 0, 15, 0.00, 972168, 431
6884, 2, 283, 595, 394, 0, 22.86%, 111, 0, 15, 161.46, 973013, 431
6889, 2, 283, 595, 394, 0, 22.86%, 111, 0, 15, 161.83, 973839, 431
6894, 2, 283, 595, 394, 0, 22.86%, 111, 0, 15, 165.59, 974677, 431
6899, 2, 200, 595, 394, 0, 22.86%, 111, 0, 15, 168.25, 975530, 431
6904, 2, 276, 595, 394, 0, 22.86%, 111, 0, 15, 166.58, 976369, 431
6909, 2, 409, 595, 394, 0, 22.86%, 111, 0, 15, 166.80, 977210, 431
6914, 2, 409, 596, 395, 0, 22.86%, 111, 0, 15, 162.71, 977982, 431
6919, 2, 42, 596, 395, 0, 22.86%, 111, 0, 15, 166.38, 978827, 431
6925, 2, 0, 596, 394, 0, 22.86%, 111, 0, 15, 158.53, 979621, 431
6930, 2, 0, 598, 396, 0, 22.86%, 111, 0, 15, 154.06, 980412, 431
6935, 2, 0, 598, 396, 0, 22.86%, 111, 0, 15, 154.09, 981204, 431
6940, 2, 0, 598, 396, 0, 22.86%, 111, 0, 15, 153.88, 981885, 431
6945, 2, 0, 598, 396, 0, 22.86%, 111, 0, 15, 165.42, 982787, 431
6950, 2, 425, 598, 396, 0, 22.86%, 111, 0, 15, 127.20, 983461, 431
6955, 2, 425, 598, 396, 0, 22.86%, 111, 0, 15, 72.23, 983731, 431
6960, 2, 425, 598, 396, 0, 22.86%, 111, 0, 15, 77.65, 984116, 431
6965, 2, 437, 598, 396, 0, 22.86%, 111, 0, 15, 64.57, 984432, 431
6970, 2, 437, 598, 396, 0, 22.86%, 111, 0, 15, 54.25, 984687, 431
6976, 2, 437, 598, 396, 0, 22.86%, 111, 0, 15, 24.03, 984947, 431
6981, 2, 518, 598, 396, 0, 22.86%, 111, 0, 15, 140.36, 985516, 431
6986, 2, 78, 598, 395, 0, 22.86%, 111, 0, 15, 162.70, 986393, 431
6991, 2, 308, 598, 394, 0, 22.86%, 111, 0, 15, 164.68, 987208, 431
6996, 2, 308, 598, 394, 0, 22.86%, 111, 0, 15, 169.93, 988087, 431
7001, 2, 427, 598, 394, 0, 22.86%, 111, 0, 15, 174.33, 988988, 431
7006, 2, 315, 598, 394, 0, 22.86%, 111, 0, 15, 164.21, 989961, 431
7011, 2, 315, 599, 395, 0, 22.86%, 111, 0, 15, 164.94, 990799, 431
7016, 2, 210, 600, 395, 0, 22.86%, 111, 0, 15, 165.29, 991641, 431
7021, 2, 425, 600, 395, 0, 22.86%, 111, 0, 15, 101.60, 992150, 431
7026, 2, 425, 600, 395, 0, 22.86%, 111, 0, 15, 59.92, 992387, 431
7032, 2, 425, 600, 395, 0, 22.86%, 111, 0, 15, 45.86, 992616, 431
7037, 2, 425, 600, 395, 0, 22.86%, 111, 0, 15, 70.36, 992916, 431
7042, 2, 273, 600, 394, 0, 22.86%, 111, 0, 15, 157.63, 993602, 431
7047, 2, 5, 600, 393, 0, 22.86%, 111, 0, 15, 155.95, 994403, 431
7052, 2, 210, 600, 392, 0, 22.86%, 111, 0, 15, 167.08, 995251, 431
7057, 2, 387, 600, 392, 0, 22.86%, 111, 0, 15, 167.47, 996101, 431
7062, 2, 541, 600, 392, 0, 22.86%, 111, 0, 15, 166.74, 996939, 431
7067, 2, 541, 601, 393, 0, 22.86%, 111, 0, 15, 165.72, 997780, 431
7072, 2, 448, 602, 393, 0, 22.86%, 111, 0, 15, 157.57, 998711, 431
7077, 2, 518, 602, 393, 0, 22.86%, 111, 0, 15, 152.21, 999464, 431
7082, 2, 425, 602, 393, 0, 22.86%, 111, 0, 15, 125.62, 1000149, 431
7088, 2, 425, 602, 393, 0, 22.86%, 111, 0, 15, 70.67, 1000425, 431
7093, 2, 425, 602, 393, 0, 22.86%, 111, 0, 15, 76.04, 1000825, 431
7098, 2, 394, 602, 393, 0, 22.86%, 111, 0, 15, 88.86, 1001235, 431
7103, 2, 283, 603, 394, 0, 22.86%, 111, 0, 15, 173.82, 1002207, 431
7108, 2, 491, 603, 394, 0, 22.86%, 111, 0, 15, 158.54, 1003006, 431
7113, 2, 453, 603, 393, 0, 22.86%, 112, 0, 15, 101.49, 1003491, 431
7118, 2, 453, 603, 393, 0, 22.86%, 112, 0, 15, 70.52, 1003814, 431
7124, 2, 337, 603, 393, 0, 22.86%, 112, 0, 15, 141.05, 1004543, 431
7129, 2, 278, 603, 393, 0, 22.86%, 112, 0, 15, 160.15, 1005383, 431
7134, 2, 283, 603, 393, 0, 22.86%, 112, 0, 15, 176.69, 1006363, 431
7139, 2, 416, 603, 393, 0, 22.86%, 112, 0, 15, 169.79, 1007242, 431
7144, 2, 416, 603, 393, 0, 22.86%, 112, 0, 15, 166.47, 1008078, 431
7149, 2, 427, 603, 392, 0, 22.86%, 112, 0, 15, 166.66, 1008949, 431
7154, 2, 102, 604, 393, 0, 22.86%, 112, 0, 15, 165.11, 1009791, 431
7160, 2, 283, 604, 392, 0, 22.86%, 112, 0, 15, 165.15, 1010637, 431
7165, 2, 599, 604, 392, 0, 22.86%, 112, 0, 15, 99.44, 1011307, 431
7170, 2, 599, 604, 392, 0, 22.86%, 112, 0, 15, 101.87, 1011818, 431
7175, 2, 599, 604, 392, 0, 22.86%, 112, 0, 15, 102.55, 1012344, 431
7180, 2, 599, 604, 392, 0, 22.86%, 112, 0, 15, 118.05, 1012924, 431
7185, 2, 425, 604, 391, 0, 22.86%, 112, 0, 15, 67.27, 1013222, 431
7190, 2, 425, 604, 391, 0, 22.86%, 112, 0, 15, 70.11, 1013548, 431
7195, 2, 425, 604, 391, 0, 22.86%, 112, 0, 15, 61.70, 1013886, 431
7195, 2, 425, 604, 391, 0, 22.86%, 112, 0, 15, 0.00, 1013901, 431
7200, 2, 453, 604, 391, 0, 22.86%, 112, 0, 15, 107.56, 1014518, 431
7205, 2, 453, 604, 391, 0, 22.86%, 112, 0, 15, 64.90, 1014808, 431
7210, 2, 453, 604, 391, 0, 22.86%, 112, 0, 15, 42.85, 1015014, 431
7215, 2, 448, 604, 391, 0, 22.86%, 112, 0, 15, 120.22, 1015625, 431
7221, 2, 408, 604, 391, 0, 22.86%, 112, 0, 15, 153.97, 1016462, 431
7226, 2, 518, 604, 391, 0, 22.86%, 112, 0, 15, 153.05, 1017267, 431
7231, 2, 283, 604, 391, 0, 22.86%, 112, 0, 15, 132.65, 1018068, 431
7236, 2, 498, 605, 392, 0, 22.86%, 112, 0, 15, 160.36, 1018947, 431
7241, 2, 278, 606, 393, 0, 22.86%, 112, 0, 15, 166.32, 1019835, 431
7246, 2, 144, 606, 393, 0, 22.86%, 112, 0, 15, 101.68, 1020308, 431
7251, 2, 218, 606, 393, 0, 22.86%, 112, 0, 15, 140.97, 1020973, 431
7257, 2, 453, 606, 392, 0, 22.86%, 112, 0, 15, 100.52, 1021426, 431
7262, 2, 453, 606, 392, 0, 22.86%, 112, 0, 15, 77.93, 1021910, 431
7301, 2, 453, 606, 392, 0, 22.86%, 112, 0, 15, 0.05, 1021927, 431
7306, 2, 453, 606, 392, 0, 22.86%, 112, 0, 15, 45.15, 1022202, 431
7311, 2, 283, 606, 392, 0, 22.86%, 112, 0, 15, 129.67, 1022932, 431
7316, 2, 572, 606, 392, 0, 22.86%, 112, 0, 15, 165.10, 1023925, 431
7321, 2, 453, 607, 392, 0, 22.86%, 112, 0, 15, 119.56, 1024557, 431
7326, 2, 453, 607, 392, 0, 22.86%, 112, 0, 15, 69.55, 1024840, 431
7331, 2, 283, 607, 392, 0, 22.86%, 112, 0, 15, 105.21, 1025301, 431
7337, 2, 453, 607, 392, 0, 22.86%, 112, 0, 15, 147.47, 1026154, 431
7342, 2, 453, 607, 392, 0, 22.86%, 112, 0, 15, 78.80, 1026460, 431
7347, 2, 453, 607, 392, 0, 22.86%, 112, 0, 15, 63.51, 1026755, 431
7352, 2, 453, 607, 392, 0, 22.86%, 112, 0, 15, 64.10, 1027080, 431
7357, 2, 425, 607, 392, 0, 22.86%, 112, 0, 15, 72.70, 1027430, 431
7362, 2, 425, 607, 392, 0, 22.86%, 112, 0, 15, 58.66, 1027702, 431
7367, 2, 425, 607, 392, 0, 22.86%, 112, 0, 15, 58.82, 1028010, 431
7372, 2, 425, 607, 392, 0, 22.86%, 112, 0, 15, 51.56, 1028274, 431
7377, 2, 200, 607, 392, 0, 22.86%, 112, 0, 15, 119.30, 1028839, 431
7383, 2, 270, 607, 392, 0, 22.86%, 112, 0, 15, 71.00, 1029380, 431
7388, 2, 270, 607, 392, 0, 22.86%, 112, 0, 15, 55.28, 1029657, 431
7393, 2, 387, 607, 391, 0, 22.86%, 112, 0, 15, 129.04, 1030323, 431
7398, 2, 453, 607, 391, 0, 22.86%, 112, 0, 15, 150.29, 1031153, 431
7403, 2, 453, 607, 391, 0, 22.86%, 112, 0, 15, 90.78, 1031514, 431
7408, 2, 498, 607, 391, 0, 22.86%, 112, 0, 15, 85.04, 1031856, 431
7414, 2, 283, 607, 391, 0, 22.86%, 112, 0, 15, 173.53, 1032854, 431
7419, 2, 270, 607, 391, 0, 22.86%, 112, 0, 15, 105.10, 1033290, 431
7424, 2, 337, 607, 391, 0, 22.86%, 112, 0, 15, 115.76, 1033790, 431
7429, 2, 453, 607, 391, 0, 22.86%, 112, 0, 15, 103.85, 1034387, 431
7434, 2, 453, 607, 391, 0, 22.86%, 112, 0, 15, 67.75, 1034680, 431
7439, 2, 200, 607, 391, 0, 22.86%, 112, 0, 15, 66.84, 1034963, 431
7444, 2, 283, 607, 391, 0, 22.86%, 112, 0, 15, 160.05, 1036006, 431
7450, 2, 200, 607, 391, 0, 22.86%, 112, 0, 15, 161.81, 1036853, 431
7455, 2, 425, 607, 391, 0, 22.86%, 112, 0, 15, 94.88, 1037306, 431
7460, 2, 425, 607, 391, 0, 22.86%, 112, 0, 15, 50.86, 1037513, 431
7465, 2, 425, 607, 391, 0, 22.86%, 112, 0, 15, 59.87, 1037843, 431
7470, 2, 607, 608, 392, 1, 22.97%, 112, 0, 15, 94.90, 1038322, 433
7475, 2, 262, 608, 391, 0, 22.97%, 112, 0, 15, 173.71, 1039333, 433
7480, 2, 170, 608, 391, 0, 22.97%, 112, 0, 15, 168.02, 1040196, 433
7485, 2, 401, 608, 391, 0, 22.97%, 112, 0, 15, 155.37, 1040994, 433
7490, 2, 512, 608, 391, 0, 22.97%, 112, 0, 15, 162.94, 1041821, 433
7495, 2, 335, 608, 391, 0, 22.97%, 112, 0, 15, 163.00, 1042661, 433
7500, 2, 558, 608, 391, 0, 22.97%, 112, 0, 15, 161.98, 1043484, 433
7506, 2, 518, 608, 390, 0, 22.97%, 112, 0, 15, 133.04, 1044391, 433
7511, 2, 283, 608, 390, 0, 22.97%, 112, 0, 15, 155.90, 1045222, 433
7516, 2, 262, 608, 390, 0, 22.97%, 112, 0, 15, 164.88, 1046064, 433
7521, 2, 420, 608, 390, 0, 22.97%, 112, 0, 15, 152.28, 1046815, 433
7526, 2, 262, 608, 389, 0, 22.97%, 112, 0, 15, 158.34, 1047605, 433
7531, 2, 401, 609, 390, 0, 22.97%, 112, 0, 15, 159.90, 1048429, 433
7536, 2, 401, 609, 390, 0, 22.97%, 112, 0, 15, 165.35, 1049259, 433
7535, 2, 401, 609, 390, 0, 22.97%, 112, 0, 15, 0.00, 1049268, 433
7540, 2, 163, 609, 389, 0, 22.97%, 112, 0, 15, 166.89, 1050129, 433
7545, 2, 465, 609, 389, 0, 22.97%, 112, 0, 15, 162.29, 1050945, 433
7550, 2, 226, 609, 389, 0, 22.97%, 112, 0, 15, 168.53, 1051806, 433
7555, 2, 376, 609, 389, 0, 22.97%, 112, 0, 15, 163.92, 1052642, 433
7561, 2, 437, 609, 389, 0, 22.97%, 112, 0, 15, 134.58, 1053347, 433
7566, 2, 437, 609, 389, 0, 22.97%, 113, 0, 15, 66.29, 1053605, 433
7571, 2, 437, 609, 389, 0, 22.97%, 113, 0, 15, 37.66, 1053866, 433
7576, 2, 607, 609, 389, 0, 22.97%, 113, 0, 15, 132.28, 1054665, 433
7581, 2, 607, 609, 389, 0, 22.97%, 113, 0, 15, 133.69, 1055359, 433
7586, 2, 607, 609, 389, 0, 22.97%, 113, 0, 15, 133.73, 1056031, 433
7592, 2, 607, 609, 389, 0, 22.97%, 113, 0, 15, 130.79, 1056717, 433
7597, 2, 607, 609, 389, 0, 22.97%, 114, 0, 15, 91.28, 1057171, 433
7602, 2, 607, 609, 389, 0, 22.97%, 114, 0, 15, 92.19, 1057701, 433
7607, 2, 607, 609, 389, 0, 22.97%, 114, 0, 15, 49.28, 1057885, 433
7612, 2, 607, 609, 389, 0, 22.97%, 114, 0, 15, 61.14, 1058223, 433
7617, 2, 607, 609, 389, 0, 22.97%, 114, 0, 15, 38.28, 1058387, 433
7622, 2, 607, 609, 389, 0, 22.97%, 114, 0, 15, 61.40, 1058699, 433
7628, 2, 607, 609, 389, 0, 22.97%, 114, 0, 15, 67.25, 1059045, 433
7633, 2, 607, 609, 389, 0, 22.97%, 114, 0, 15, 55.72, 1059405, 433
7638, 2, 607, 609, 389, 0, 22.97%, 114, 0, 15, 59.93, 1059714, 433
7643, 2, 607, 609, 389, 0, 22.97%, 114, 0, 15, 86.11, 1060168, 433
7648, 2, 427, 609, 389, 0, 22.97%, 114, 0, 15, 148.65, 1060988, 433
7653, 2, 278, 609, 389, 0, 22.97%, 114, 0, 15, 166.65, 1061841, 433
7658, 2, 518, 609, 389, 0, 22.97%, 114, 0, 15, 151.88, 1062603, 433
7664, 2, 518, 609, 389, 0, 22.97%, 114, 0, 15, 136.95, 1063525, 433
7669, 2, 596, 609, 389, 0, 22.97%, 114, 0, 15, 149.89, 1064332, 433
7674, 2, 587, 609, 388, 0, 22.97%, 114, 0, 15, 148.28, 1065092, 433
7679, 2, 587, 609, 388, 0, 22.97%, 114, 0, 15, 156.32, 1065901, 433
7684, 2, 172, 609, 387, 0, 22.97%, 114, 0, 15, 159.78, 1066710, 433
7689, 2, 528, 609, 387, 0, 22.97%, 114, 0, 15, 155.15, 1067488, 433
7694, 2, 465, 609, 387, 0, 22.97%, 114, 0, 15, 158.70, 1068524, 433
7699, 2, 465, 609, 387, 0, 22.97%, 114, 0, 15, 168.02, 1069370, 433
7704, 2, 200, 609, 387, 0, 22.97%, 114, 0, 15, 163.70, 1070198, 433
7709, 2, 518, 609, 387, 0, 22.97%, 114, 0, 15, 159.38, 1071017, 433
7714, 2, 309, 609, 387, 0, 22.97%, 114, 0, 15, 161.20, 1071849, 433
7720, 2, 309, 609, 387, 0, 22.97%, 114, 0, 15, 158.00, 1072640, 433
7725, 2, 111, 609, 387, 0, 22.97%, 114, 0, 15, 173.85, 1073659, 433
7730, 2, 242, 609, 387, 0, 22.97%, 114, 0, 15, 171.13, 1074551, 433
7735, 2, 279, 609, 386, 0, 22.97%, 114, 0, 15, 162.97, 1075356, 433
7740, 2, 465, 609, 385, 0, 22.97%, 114, 0, 15, 162.93, 1076173, 433
7745, 2, 262, 609, 385, 0, 22.97%, 114, 0, 15, 163.01, 1077002, 433
7750, 2, 348, 609, 385, 0, 22.97%, 114, 0, 15, 163.61, 1077835, 433
7755, 2, 464, 609, 384, 0, 22.97%, 114, 0, 15, 172.81, 1078818, 433
7760, 2, 427, 609, 384, 0, 22.97%, 114, 0, 15, 165.98, 1079679, 433
7765, 2, 453, 609, 384, 0, 22.97%, 114, 0, 15, 137.01, 1080406, 433
7771, 2, 453, 609, 384, 0, 22.97%, 114, 0, 15, 86.55, 1080737, 433
7776, 2, 176, 609, 384, 0, 22.97%, 114, 0, 15, 108.21, 1081244, 433
7781, 2, 200, 609, 384, 0, 22.97%, 114, 0, 15, 154.35, 1082100, 433
7786, 2, 163, 609, 384, 0, 22.97%, 114, 0, 15, 166.29, 1082955, 433
7791, 2, 510, 609, 384, 0, 22.97%, 114, 0, 15, 158.41, 1083754, 433
7796, 2, 609, 610, 385, 1, 23.08%, 114, 0, 15, 154.47, 1084534, 435
7801, 2, 401, 610, 384, 0, 23.08%, 114, 0, 15, 164.57, 1085365, 435
7800, 2, 401, 610, 384, 0, 23.08%, 114, 0, 15, 0.00, 1085405, 435
7805, 2, 465, 610, 384, 0, 23.08%, 114, 0, 15, 167.55, 1086238, 435
7810, 2, 429, 610, 384, 0, 23.08%, 114, 0, 15, 162.09, 1087063, 435
7815, 2, 498, 610, 383, 0, 23.08%, 114, 0, 15, 155.64, 1087825, 435
7820, 2, 120, 613, 385, 0, 23.08%, 114, 0, 15, 159.13, 1088648, 435
7826, 2, 401, 613, 385, 0, 23.08%, 114, 0, 15, 164.37, 1089516, 435
7831, 2, 453, 613, 385, 0, 23.08%, 114, 0, 15, 100.56, 1089987, 435
7836, 2, 453, 613, 385, 0, 23.08%, 114, 0, 15, 43.04, 1090236, 435
7841, 2, 200, 613, 385, 0, 23.08%, 114, 0, 15, 45.51, 1090418, 435
7846, 2, 409, 613, 385, 0, 23.08%, 114, 0, 15, 141.40, 1091270, 435
7851, 2, 418, 613, 385, 0, 23.08%, 114, 0, 15, 158.39, 1092099, 435
7856, 2, 401, 613, 384, 0, 23.08%, 114, 0, 15, 162.45, 1092915, 435
7861, 2, 401, 613, 384, 0, 23.08%, 114, 0, 15, 168.69, 1093761, 435
7866, 2, 408, 613, 384, 0, 23.08%, 114, 0, 15, 171.63, 1094798, 435
7871, 2, 283, 613, 384, 0, 23.08%, 114, 0, 15, 172.20, 1095662, 435
7877, 2, 465, 613, 384, 0, 23.08%, 114, 0, 15, 167.08, 1096520, 435
7882, 2, 276, 613, 384, 0, 23.08%, 114, 0, 15, 169.18, 1097375, 435
7887, 2, 379, 613, 384, 0, 23.08%, 114, 0, 15, 138.58, 1098116, 435
7892, 2, 283, 613, 383, 0, 23.08%, 114, 0, 15, 158.60, 1098933, 435
7897, 2, 518, 613, 383, 0, 23.08%, 114, 0, 15, 150.57, 1099838, 435
7902, 2, 465, 613, 383, 0, 23.08%, 114, 0, 15, 162.64, 1100710, 435
7907, 2, 555, 613, 382, 0, 23.08%, 114, 0, 15, 136.16, 1101442, 435
7912, 2, 555, 613, 382, 0, 23.08%, 114, 0, 15, 95.63, 1101838, 435
7918, 2, 227, 614, 382, 0, 23.08%, 114, 0, 15, 149.57, 1102664, 435
7923, 2, 283, 614, 382, 0, 23.08%, 114, 0, 15, 165.53, 1103544, 435
7928, 2, 465, 614, 382, 0, 23.08%, 114, 0, 15, 170.63, 1104559, 435
7933, 2, 465, 614, 382, 0, 23.08%, 114, 0, 15, 170.14, 1105432, 435
7938, 2, 465, 614, 382, 0, 23.08%, 114, 0, 15, 166.68, 1106291, 435
7943, 2, 283, 614, 382, 0, 23.08%, 114, 0, 15, 168.75, 1107145, 435
7948, 2, 153, 614, 382, 0, 23.08%, 114, 0, 15, 154.70, 1107942, 435
7954, 2, 337, 614, 381, 0, 23.08%, 114, 0, 15, 180.00, 1108741, 435
7959, 2, 401, 614, 381, 0, 23.08%, 114, 0, 15, 155.74, 1109743, 435
7964, 2, 210, 614, 380, 0, 23.08%, 114, 0, 15, 161.05, 1110564, 435
7969, 2, 278, 614, 380, 0, 23.08%, 114, 0, 15, 167.43, 1111438, 435
7974, 2, 257, 614, 380, 0, 23.08%, 114, 0, 15, 166.83, 1112268, 435
7979, 2, 206, 614, 380, 0, 23.08%, 114, 0, 15, 166.57, 1113102, 435
7984, 2, 518, 614, 379, 0, 23.08%, 114, 0, 15, 142.63, 1113845, 435
7989, 2, 369, 614, 379, 0, 23.08%, 114, 0, 15, 178.42, 1114777, 435
7994, 2, 283, 614, 379, 0, 23.08%, 114, 0, 15, 164.48, 1115590, 435
7999, 2, 453, 614, 379, 0, 23.08%, 114, 0, 15, 96.11, 1115990, 435
8004, 2, 453, 615, 380, 0, 23.08%, 114, 0, 15, 62.39, 1116267, 435
8009, 2, 481, 615, 380, 0, 23.08%, 114, 0, 15, 143.90, 1117088, 435
8015, 2, 278, 616, 381, 0, 23.08%, 114, 0, 15, 162.06, 1117939, 435
8020, 2, 303, 616, 381, 0, 23.08%, 114, 0, 15, 168.26, 1118791, 435
8019, 2, 303, 616, 381, 0, 23.08%, 114, 0, 15, 0.00, 1118869, 435
8024, 2, 283, 617, 382, 0, 23.08%, 114, 0, 15, 161.00, 1119713, 435
8029, 2, 346, 617, 382, 0, 23.08%, 114, 0, 15, 162.06, 1120530, 435
8034, 2, 465, 617, 382, 0, 23.08%, 114, 0, 15, 162.02, 1121345, 435
8039, 2, 465, 618, 383, 0, 23.08%, 114, 0, 15, 164.33, 1122176, 435
8045, 2, 283, 618, 383, 0, 23.08%, 114, 0, 15, 159.73, 1122972, 435
8050, 2, 226, 618, 383, 0, 23.08%, 114, 0, 15, 166.61, 1123811, 435
8055, 2, 510, 618, 383, 0, 23.08%, 114, 0, 15, 152.70, 1124797, 435
8060, 2, 200, 618, 383, 0, 23.08%, 114, 0, 15, 158.06, 1125592, 435
8065, 2, 512, 618, 383, 0, 23.08%, 114, 0, 15, 162.24, 1126416, 435
8070, 2, 270, 618, 383, 0, 23.08%, 114, 0, 15, 132.61, 1127127, 435
8075, 2, 270, 618, 383, 0, 23.08%, 114, 0, 15, 70.67, 1127433, 435
8080, 2, 205, 618, 383, 0, 23.08%, 114, 0, 15, 122.29, 1128042, 435
8085, 2, 106, 618, 382, 0, 23.08%, 114, 0, 15, 160.98, 1129034, 435
8091, 2, 408, 618, 381, 0, 23.08%, 114, 0, 15, 162.43, 1129875, 435
8096, 2, 200, 618, 381, 0, 23.08%, 114, 0, 15, 164.90, 1130705, 435
8101, 2, 609, 618, 381, 0, 23.08%, 114, 0, 15, 168.38, 1131567, 435
8106, 2, 609, 618, 381, 0, 23.08%, 114, 0, 15, 40.76, 1132049, 435
8111, 2, 609, 618, 381, 0, 23.08%, 114, 0, 15, 138.34, 1132860, 435
8116, 2, 465, 618, 381, 0, 23.08%, 114, 0, 15, 174.08, 1133874, 435
8121, 2, 337, 618, 381, 0, 23.08%, 114, 0, 15, 168.12, 1134717, 435
8126, 2, 283, 618, 381, 0, 23.08%, 114, 0, 15, 168.38, 1135564, 435
8131, 2, 614, 618, 381, 0, 23.08%, 114, 0, 15, 142.54, 1136302, 435
8136, 2, 614, 619, 382, 0, 23.08%, 114, 0, 15, 91.97, 1136736, 435
8141, 2, 497, 619, 381, 0, 23.08%, 114, 0, 15, 133.95, 1137420, 435
8147, 2, 425, 619, 381, 0, 23.08%, 114, 0, 15, 45.07, 1137832, 435
8152, 2, 425, 619, 381, 0, 23.08%, 114, 0, 15, 48.64, 1138098, 435
8157, 2, 425, 619, 381, 0, 23.08%, 114, 0, 15, 55.81, 1138381, 435
8162, 2, 425, 619, 381, 0, 23.08%, 114, 0, 15, 109.53, 1139022, 435
8167, 2, 425, 619, 381, 0, 23.08%, 114, 0, 15, 64.19, 1139268, 435
8172, 2, 425, 620, 382, 0, 23.08%, 114, 0, 15, 75.11, 1139619, 435
8177, 2, 425, 620, 382, 0, 23.08%, 114, 0, 15, 58.06, 1139932, 435
8182, 2, 283, 620, 382, 0, 23.08%, 114, 0, 15, 132.54, 1140649, 435
8188, 2, 303, 620, 382, 0, 23.08%, 114, 0, 15, 156.67, 1141495, 435
8193, 2, 369, 620, 382, 0, 23.08%, 114, 0, 15, 161.45, 1142304, 435
8198, 2, 401, 620, 382, 0, 23.08%, 114, 0, 15, 159.13, 1143096, 435
8203, 2, 401, 620, 382, 0, 23.08%, 114, 0, 15, 157.83, 1143897, 435
8208, 2, 408, 620, 382, 0, 23.08%, 114, 0, 15, 122.93, 1144888, 435
8213, 2, 363, 620, 382, 0, 23.08%, 114, 0, 15, 153.26, 1145697, 435
8218, 2, 200, 620, 382, 0, 23.08%, 114, 0, 15, 161.84, 1146521, 435
8223, 2, 401, 620, 382, 0, 23.08%, 114, 0, 15, 159.01, 1147332, 435
8228, 2, 427, 620, 382, 0, 23.08%, 114, 0, 15, 164.99, 1148164, 435
8233, 2, 427, 620, 382, 0, 23.08%, 114, 0, 15, 167.98, 1149011, 435
8238, 2, 309, 620, 381, 0, 23.08%, 114, 0, 15, 167.80, 1149844, 435
8238, 2, 309, 620, 381, 0, 23.08%, 114, 0, 15, 0.00, 1149974, 435
8243, 2, 453, 620, 381, 0, 23.08%, 114, 0, 15, 150.72, 1150779, 435
8248, 2, 453, 620, 381, 0, 23.08%, 114, 0, 15, 87.83, 1151114, 435
8253, 2, 283, 620, 381, 0, 23.08%, 114, 0, 15, 116.56, 1151635, 435
8258, 2, 283, 620, 381, 0, 23.08%, 114, 0, 15, 154.77, 1152464, 435
8263, 2, 157, 620, 381, 0, 23.08%, 114, 0, 15, 155.71, 1153263, 435
8268, 2, 448, 620, 380, 0, 23.08%, 114, 0, 15, 160.88, 1154064, 435
8273, 2, 465, 620, 380, 0, 23.08%, 114, 0, 15, 168.60, 1155054, 435
8278, 2, 464, 620, 380, 0, 23.08%, 114, 0, 15, 163.69, 1155882, 435
8283, 2, 549, 620, 380, 0, 23.08%, 114, 0, 15, 168.74, 1156721, 435
8288, 2, 425, 620, 380, 0, 23.08%, 114, 0, 15, 93.72, 1157137, 435
8294, 2, 425, 620, 380, 0, 23.08%, 114, 0, 15, 85.65, 1157587, 435
8299, 2, 425, 620, 380, 0, 23.08%, 114, 0, 15, 46.38, 1157766, 435
8304, 2, 408, 620, 380, 0, 23.08%, 114, 0, 15, 166.20, 1158238, 435
8309, 2, 437, 620, 380, 0, 23.08%, 114, 0, 15, 134.48, 1158946, 435
8314, 2, 437, 620, 380, 0, 23.08%, 114, 0, 15, 86.52, 1159311, 435
8319, 2, 437, 620, 380, 0, 23.08%, 114, 0, 15, 55.07, 1159544, 435
8324, 2, 425, 620, 380, 0, 23.08%, 114, 0, 15, 112.37, 1160260, 435
8329, 2, 425, 620, 380, 0, 23.08%, 114, 0, 15, 67.56, 1160535, 435
8334, 2, 425, 620, 380, 0, 23.08%, 114, 0, 15, 106.57, 1160973, 435
8339, 2, 448, 620, 380, 0, 23.08%, 114, 0, 15, 81.25, 1161307, 435
8345, 2, 427, 620, 380, 0, 23.08%, 114, 0, 15, 152.26, 1162180, 435
8350, 2, 213, 620, 380, 0, 23.08%, 114, 0, 15, 159.85, 1163025, 435
8355, 2, 213, 620, 380, 0, 23.08%, 114, 0, 15, 160.45, 1163829, 435
8360, 2, 437, 620, 380, 0, 23.08%, 114, 0, 15, 105.75, 1164385, 435
8365, 2, 437, 620, 380, 0, 23.08%, 114, 0, 15, 25.14, 1164749, 435
8370, 2, 453, 620, 380, 0, 23.08%, 114, 0, 15, 83.45, 1165095, 435
8375, 2, 453, 620, 380, 0, 23.08%, 114, 0, 15, 68.58, 1165481, 435
8381, 2, 583, 620, 380, 0, 23.08%, 114, 0, 15, 138.86, 1166256, 435
8386, 2, 583, 620, 380, 0, 23.08%, 114, 0, 15, 149.46, 1167032, 435
8391, 2, 583, 622, 382, 0, 23.08%, 114, 0, 16, 154.29, 1167818, 435
8396, 2, 0, 622, 381, 0, 23.08%, 114, 0, 16, 156.30, 1168803, 435
8401, 2, 0, 622, 381, 0, 23.08%, 114, 0, 16, 158.57, 1169608, 435
8406, 2, 283, 622, 381, 0, 23.08%, 114, 0, 16, 155.55, 1170384, 435
8411, 2, 346, 622, 381, 0, 23.08%, 114, 0, 16, 165.66, 1171261, 435
8416, 2, 346, 622, 381, 0, 23.08%, 114, 0, 16, 160.64, 1172065, 435
8421, 2, 425, 622, 381, 0, 23.08%, 114, 0, 16, 86.17, 1172398, 435
8426, 2, 425, 622, 381, 0, 23.08%, 114, 0, 16, 32.07, 1172700, 435
8432, 2, 425, 622, 381, 0, 23.08%, 114, 0, 16, 54.08, 1173036, 435
8437, 2, 283, 622, 381, 0, 23.08%, 114, 0, 16, 135.96, 1173790, 435
8442, 2, 409, 622, 381, 0, 23.08%, 114, 0, 16, 160.98, 1174655, 435
8447, 2, 15, 622, 381, 0, 23.08%, 114, 0, 16, 162.54, 1175481, 435
8452, 2, 453, 622, 381, 0, 23.08%, 114, 0, 16, 133.22, 1176186, 435
8457, 2, 453, 622, 381, 0, 23.08%, 114, 0, 16, 82.96, 1176543, 435
8456, 2, 453, 622, 381, 0, 23.08%, 114, 0, 16, 0.00, 1176551, 435
8461, 2, 466, 622, 381, 0, 23.08%, 114, 0, 16, 165.53, 1177096, 435
8467, 2, 512, 622, 380, 0, 23.08%, 114, 0, 16, 159.30, 1177897, 435
8472, 2, 584, 622, 380, 0, 23.08%, 114, 0, 16, 151.03, 1178674, 435
8477, 2, 584, 622, 380, 0, 23.08%, 114, 0, 16, 115.06, 1179204, 435
8482, 2, 584, 622, 380, 0, 23.08%, 114, 0, 16, 107.45, 1179732, 435
8487, 2, 584, 622, 380, 0, 23.08%, 114, 0, 16, 104.04, 1180256, 435
8492, 2, 584, 622, 380, 0, 23.08%, 114, 0, 16, 145.92, 1181073, 435
8497, 2, 401, 622, 379, 0, 23.08%, 114, 0, 16, 155.42, 1181847, 435
8502, 2, 283, 622, 379, 0, 23.08%, 114, 0, 16, 163.22, 1182686, 435
8507, 2, 114, 623, 380, 0, 23.08%, 114, 0, 16, 159.01, 1183496, 435
8512, 2, 401, 623, 380, 0, 23.08%, 114, 0, 16, 164.19, 1184326, 435
8517, 2, 200, 623, 380, 0, 23.08%, 114, 0, 16, 166.98, 1185202, 435
8522, 2, 283, 623, 380, 0, 23.08%, 114, 0, 16, 170.05, 1186251, 435
8527, 2, 512, 623, 380, 0, 23.08%, 114, 0, 16, 169.90, 1187107, 435
8532, 2, 120, 623, 380, 0, 23.08%, 114, 0, 16, 162.59, 1187917, 435
8537, 2, 425, 623, 380, 0, 23.08%, 114, 0, 16, 87.61, 1188231, 435
8542, 2, 425, 623, 380, 0, 23.08%, 114, 0, 16, 53.92, 1188476, 435
8548, 2, 425, 623, 380, 0, 23.08%, 114, 0, 16, 36.42, 1188649, 435
8553, 2, 569, 623, 380, 0, 23.08%, 114, 0, 16, 89.91, 1189163, 435
8558, 2, 276, 623, 379, 0, 23.08%, 114, 0, 16, 151.26, 1190014, 435
8563, 2, 283, 623, 379, 0, 23.08%, 114, 0, 16, 161.94, 1190846, 435
8568, 2, 401, 623, 379, 0, 23.08%, 114, 0, 16, 161.73, 1191665, 435
8573, 2, 210, 624, 380, 0, 23.08%, 114, 0, 16, 164.38, 1192495, 435
8578, 2, 283, 624, 380, 0, 23.08%, 114, 0, 16, 164.18, 1193320, 435
8583, 2, 303, 624, 380, 0, 23.08%, 114, 0, 16, 167.10, 1194330, 435
8588, 2, 15, 625, 380, 0, 23.08%, 114, 0, 16, 166.73, 1195155, 435
8593, 2, 379, 625, 380, 0, 23.08%, 114, 0, 16, 166.54, 1196008, 435
8598, 2, 497, 625, 380, 0, 23.08%, 114, 0, 16, 162.10, 1196829, 435
8603, 2, 144, 625, 380, 0, 23.08%, 114, 0, 16, 92.55, 1197198, 435
8609, 2, 48, 625, 380, 0, 23.08%, 114, 0, 16, 126.94, 1197779, 435
8614, 2, 453, 625, 380, 0, 23.08%, 114, 0, 16, 84.42, 1198397, 435
8619, 2, 453, 625, 380, 0, 23.08%, 114, 0, 16, 70.76, 1198745, 435
8624, 2, 453, 625, 380, 0, 23.08%, 114, 0, 16, 49.59, 1198950, 435
8629, 2, 427, 625, 380, 0, 23.08%, 114, 0, 16, 116.33, 1199534, 435
8634, 2, 432, 625, 380, 0, 23.08%, 114, 0, 16, 152.54, 1200359, 435
8639, 2, 518, 625, 379, 0, 23.08%, 114, 0, 16, 148.73, 1201111, 435
8644, 2, 510, 625, 379, 0, 23.08%, 114, 0, 16, 144.10, 1201807, 435
8643, 2, 510, 625, 379, 0, 23.08%, 114, 0, 16, 0.00, 1201829, 435
8649, 2, 408, 625, 379, 0, 23.08%, 114, 0, 16, 159.49, 1202627, 435
8654, 2, 607, 625, 379, 0, 23.08%, 114, 0, 16, 148.17, 1203407, 435
8659, 2, 607, 625, 379, 0, 23.08%, 114, 0, 16, 95.48, 1203859, 435
8664, 2, 607, 625, 379, 0, 23.08%, 114, 0, 16, 80.04, 1204245, 435
8669, 2, 607, 625, 379, 0, 23.08%, 114, 0, 16, 80.21, 1204692, 435
8674, 2, 408, 625, 379, 0, 23.08%, 114, 0, 16, 146.53, 1205522, 435
8679, 2, 514, 626, 379, 0, 23.08%, 114, 0, 16, 165.81, 1206531, 435
8684, 2, 355, 626, 378, 0, 23.08%, 114, 0, 16, 162.94, 1207337, 435
8689, 2, 227, 626, 378, 0, 23.08%, 114, 0, 16, 166.45, 1208210, 435
8694, 2, 337, 626, 378, 0, 23.08%, 114, 0, 16, 166.56, 1209043, 435
8700, 2, 283, 626, 378, 0, 23.08%, 114, 0, 16, 168.56, 1209911, 435
8705, 2, 262, 626, 378, 0, 23.08%, 114, 0, 16, 168.74, 1210756, 435
8710, 2, 401, 627, 379, 0, 23.08%, 114, 0, 16, 152.17, 1211746, 435
8715, 2, 401, 627, 379, 0, 23.08%, 114, 0, 16, 160.89, 1212574, 435
8720, 2, 510, 627, 379, 0, 23.08%, 114, 0, 16, 159.57, 1213394, 435
8725, 2, 343, 628, 380, 0, 23.08%, 114, 0, 16, 155.48, 1214160, 435
8730, 2, 283, 628, 380, 0, 23.08%, 114, 0, 16, 161.66, 1215000, 435
8735, 2, 339, 628, 380, 0, 23.08%, 114, 0, 16, 164.22, 1215853, 435
8740, 2, 283, 629, 381, 0, 23.08%, 114, 0, 16, 162.16, 1216829, 435
8745, 2, 369, 629, 381, 0, 23.08%, 114, 0, 16, 169.51, 1217692, 435
8750, 2, 625, 630, 382, 0, 23.08%, 114, 0, 16, 169.17, 1218548, 435
8755, 2, 625, 631, 383, 0, 23.18%, 114, 0, 16, 165.42, 1219380, 437
8760, 2, 625, 632, 384, 0, 23.18%, 114, 0, 16, 165.02, 1220209, 437
8765, 2, 625, 632, 384, 0, 23.18%, 114, 0, 16, 169.23, 1221061, 437
8771, 2, 625, 632, 384, 0, 23.18%, 114, 0, 16, 163.04, 1221880, 437
8776, 2, 625, 632, 384, 0, 23.18%, 114, 0, 16, 165.42, 1222711, 437
8781, 2, 625, 632, 384, 0, 23.18%, 114, 0, 16, 164.51, 1223557, 437
8786, 2, 625, 632, 384, 0, 23.18%, 114, 0, 16, 159.02, 1224658, 437
8791, 2, 625, 632, 384, 0, 23.18%, 114, 0, 16, 161.98, 1225474, 437
8796, 2, 625, 632, 384, 0, 23.18%, 114, 0, 16, 164.17, 1226308, 437
8801, 2, 625, 632, 384, 0, 23.18%, 114, 0, 16, 162.24, 1227136, 437
8806, 2, 625, 632, 384, 0, 23.18%, 114, 0, 16, 159.88, 1227937, 437
8811, 2, 625, 632, 384, 0, 23.18%, 114, 0, 16, 164.26, 1228768, 437
8816, 2, 625, 632, 384, 0, 23.18%, 114, 0, 16, 164.16, 1229801, 437
8822, 2, 625, 632, 384, 0, 23.18%, 114, 0, 16, 164.72, 1230640, 437
8827, 2, 625, 632, 384, 0, 23.18%, 114, 0, 16, 158.80, 1231403, 437
8832, 2, 79, 632, 383, 0, 23.18%, 114, 0, 16, 38.61, 1231928, 437
8837, 2, 144, 632, 382, 0, 23.18%, 114, 0, 16, 110.78, 1232551, 437
8842, 2, 144, 632, 382, 0, 23.18%, 114, 0, 16, 64.40, 1232819, 437
8847, 2, 630, 632, 382, 0, 23.18%, 115, 0, 16, 140.96, 1233672, 437
8852, 2, 630, 632, 382, 0, 23.18%, 115, 0, 16, 150.02, 1234458, 437
8858, 2, 630, 632, 382, 0, 23.18%, 115, 0, 16, 147.72, 1235244, 437
8863, 2, 630, 632, 382, 0, 23.18%, 115, 0, 16, 155.63, 1236000, 437
8868, 2, 630, 632, 382, 0, 23.18%, 115, 0, 16, 165.21, 1236825, 437
8873, 2, 630, 632, 382, 0, 23.18%, 115, 0, 16, 156.84, 1237599, 437
8878, 2, 630, 632, 382, 0, 23.18%, 115, 0, 16, 174.37, 1238640, 437
8883, 2, 401, 632, 382, 0, 23.18%, 115, 0, 16, 165.74, 1239489, 437
8888, 2, 401, 632, 382, 0, 23.18%, 115, 0, 16, 163.42, 1240309, 437
8893, 2, 539, 632, 382, 0, 23.18%, 115, 0, 16, 162.46, 1241116, 437
8898, 2, 539, 632, 382, 0, 23.18%, 115, 0, 16, 155.43, 1241891, 437
8903, 2, 283, 632, 381, 0, 23.18%, 115, 0, 16, 158.82, 1242684, 437
8908, 2, 200, 632, 381, 0, 23.18%, 115, 0, 16, 159.78, 1243492, 437
8908, 2, 200, 632, 381, 0, 23.18%, 115, 0, 16, 0.00, 1243627, 437
8913, 2, 262, 632, 381, 0, 23.18%, 115, 0, 16, 168.83, 1244500, 437
8918, 2, 549, 632, 381, 0, 23.18%, 115, 0, 16, 170.33, 1245345, 437
8923, 2, 346, 632, 381, 0, 23.18%, 115, 0, 16, 162.84, 1246171, 437
8928, 2, 200, 632, 381, 0, 23.18%, 115, 0, 16, 166.81, 1247046, 437
8934, 2, 346, 632, 381, 0, 23.18%, 115, 0, 16, 158.29, 1247871, 437
8939, 2, 625, 632, 381, 0, 23.18%, 115, 0, 16, 152.88, 1248652, 437
8944, 2, 382, 632, 381, 0, 23.18%, 115, 0, 16, 151.33, 1249591, 437
8949, 2, 498, 632, 381, 0, 23.18%, 115, 0, 16, 163.71, 1250426, 437
8954, 2, 337, 632, 381, 0, 23.18%, 115, 0, 16, 156.07, 1251210, 437
8959, 2, 518, 632, 381, 0, 23.18%, 115, 0, 16, 161.21, 1252036, 437
8964, 2, 401, 632, 381, 0, 23.18%, 115, 0, 16, 151.61, 1252768, 437
8964, 2, 401, 632, 381, 0, 23.18%, 115, 0, 16, 152.02, 1252832, 437
